100206_T1w_acpc_dc_restore,1
100307_T1w_acpc_dc_restore,1
100408_T1w_acpc_dc_restore,2
100610_T1w_acpc_dc_restore,1
101006_T1w_acpc_dc_restore,2
101107_T1w_acpc_dc_restore,1
101309_T1w_acpc_dc_restore,1
101410_T1w_acpc_dc_restore,1
101915_T1w_acpc_dc_restore,1
102008_T1w_acpc_dc_restore,1
102109_T1w_acpc_dc_restore,1
102311_T1w_acpc_dc_restore,1
102513_T1w_acpc_dc_restore,1
102614_T1w_acpc_dc_restore,1
102715_T1w_acpc_dc_restore,1
102816_T1w_acpc_dc_restore,1
103010_T1w_acpc_dc_restore,1
103111_T1w_acpc_dc_restore,1
103212_T1w_acpc_dc_restore,1
103414_T1w_acpc_dc_restore,1
103515_T1w_acpc_dc_restore,2
103818_T1w_acpc_dc_restore,1
104012_T1w_acpc_dc_restore,1
104416_T1w_acpc_dc_restore,2
104820_T1w_acpc_dc_restore,1
105014_T1w_acpc_dc_restore,1
105115_T1w_acpc_dc_restore,1
105216_T1w_acpc_dc_restore,1
105620_T1w_acpc_dc_restore,1
105923_T1w_acpc_dc_restore,1
106016_T1w_acpc_dc_restore,1
106319_T1w_acpc_dc_restore,1
106521_T1w_acpc_dc_restore,2
106824_T1w_acpc_dc_restore,1
107018_T1w_acpc_dc_restore,1
107220_T1w_acpc_dc_restore,1
107321_T1w_acpc_dc_restore,1
107422_T1w_acpc_dc_restore,1
107725_T1w_acpc_dc_restore,1
108020_T1w_acpc_dc_restore,2
108121_T1w_acpc_dc_restore,2
108222_T1w_acpc_dc_restore,1
108323_T1w_acpc_dc_restore,1
108525_T1w_acpc_dc_restore,1
108828_T1w_acpc_dc_restore,2
109123_T1w_acpc_dc_restore,1
109325_T1w_acpc_dc_restore,1
109830_T1w_acpc_dc_restore,1
110007_T1w_acpc_dc_restore,1
110411_T1w_acpc_dc_restore,1
110613_T1w_acpc_dc_restore,1
111009_T1w_acpc_dc_restore,1
111211_T1w_acpc_dc_restore,1
111312_T1w_acpc_dc_restore,1
111413_T1w_acpc_dc_restore,1
111514_T1w_acpc_dc_restore,2
111716_T1w_acpc_dc_restore,1
112112_T1w_acpc_dc_restore,1
112314_T1w_acpc_dc_restore,1
112516_T1w_acpc_dc_restore,1
112819_T1w_acpc_dc_restore,1
112920_T1w_acpc_dc_restore,1
113215_T1w_acpc_dc_restore,1
113316_T1w_acpc_dc_restore,1
113417_T1w_acpc_dc_restore,1
113619_T1w_acpc_dc_restore,1
113821_T1w_acpc_dc_restore,1
113922_T1w_acpc_dc_restore,1
114116_T1w_acpc_dc_restore,2
114217_T1w_acpc_dc_restore,1
114318_T1w_acpc_dc_restore,1
114419_T1w_acpc_dc_restore,1
114621_T1w_acpc_dc_restore,1
114823_T1w_acpc_dc_restore,1
114924_T1w_acpc_dc_restore,2
115017_T1w_acpc_dc_restore,1
115219_T1w_acpc_dc_restore,1
115320_T1w_acpc_dc_restore,1
115724_T1w_acpc_dc_restore,1
115825_T1w_acpc_dc_restore,1
116120_T1w_acpc_dc_restore,1
116221_T1w_acpc_dc_restore,1
116423_T1w_acpc_dc_restore,1
116524_T1w_acpc_dc_restore,1
116726_T1w_acpc_dc_restore,2
117021_T1w_acpc_dc_restore,1
117122_T1w_acpc_dc_restore,1
117324_T1w_acpc_dc_restore,1
117728_T1w_acpc_dc_restore,1
117930_T1w_acpc_dc_restore,2
118023_T1w_acpc_dc_restore,1
118124_T1w_acpc_dc_restore,2
118225_T1w_acpc_dc_restore,1
118528_T1w_acpc_dc_restore,1
118730_T1w_acpc_dc_restore,1
118831_T1w_acpc_dc_restore,1
118932_T1w_acpc_dc_restore,1
119025_T1w_acpc_dc_restore,1
119126_T1w_acpc_dc_restore,2
119732_T1w_acpc_dc_restore,1
119833_T1w_acpc_dc_restore,1
120010_T1w_acpc_dc_restore,1
120111_T1w_acpc_dc_restore,1
120212_T1w_acpc_dc_restore,1
120414_T1w_acpc_dc_restore,1
120515_T1w_acpc_dc_restore,1
120717_T1w_acpc_dc_restore,1
121315_T1w_acpc_dc_restore,1
121416_T1w_acpc_dc_restore,1
121618_T1w_acpc_dc_restore,1
121719_T1w_acpc_dc_restore,1
121820_T1w_acpc_dc_restore,1
121921_T1w_acpc_dc_restore,1
122317_T1w_acpc_dc_restore,1
122418_T1w_acpc_dc_restore,1
122620_T1w_acpc_dc_restore,4
122822_T1w_acpc_dc_restore,1
123117_T1w_acpc_dc_restore,1
123420_T1w_acpc_dc_restore,1
123521_T1w_acpc_dc_restore,2
123723_T1w_acpc_dc_restore,1
123824_T1w_acpc_dc_restore,1
123925_T1w_acpc_dc_restore,1
124220_T1w_acpc_dc_restore,1
124422_T1w_acpc_dc_restore,1
124624_T1w_acpc_dc_restore,1
124826_T1w_acpc_dc_restore,1
125222_T1w_acpc_dc_restore,1
125424_T1w_acpc_dc_restore,1
125525_T1w_acpc_dc_restore,2
126325_T1w_acpc_dc_restore,1
126426_T1w_acpc_dc_restore,1
126628_T1w_acpc_dc_restore,1
126931_T1w_acpc_dc_restore,1
127226_T1w_acpc_dc_restore,1
127327_T1w_acpc_dc_restore,1
127630_T1w_acpc_dc_restore,1
127731_T1w_acpc_dc_restore,1
127832_T1w_acpc_dc_restore,1
127933_T1w_acpc_dc_restore,1
128026_T1w_acpc_dc_restore,1
128127_T1w_acpc_dc_restore,1
128329_T1w_acpc_dc_restore,1
128632_T1w_acpc_dc_restore,1
128935_T1w_acpc_dc_restore,1
129028_T1w_acpc_dc_restore,1
129129_T1w_acpc_dc_restore,1
129331_T1w_acpc_dc_restore,1
129432_T1w_acpc_dc_restore,1
129533_T1w_acpc_dc_restore,1
129634_T1w_acpc_dc_restore,1
129937_T1w_acpc_dc_restore,1
130013_T1w_acpc_dc_restore,1
130114_T1w_acpc_dc_restore,1
130316_T1w_acpc_dc_restore,1
130417_T1w_acpc_dc_restore,2
130518_T1w_acpc_dc_restore,1
130619_T1w_acpc_dc_restore,1
130720_T1w_acpc_dc_restore,1
130821_T1w_acpc_dc_restore,1
130922_T1w_acpc_dc_restore,1
131217_T1w_acpc_dc_restore,1
131419_T1w_acpc_dc_restore,1
131621_T1w_acpc_dc_restore,1
131722_T1w_acpc_dc_restore,1
131823_T1w_acpc_dc_restore,1
131924_T1w_acpc_dc_restore,1
132017_T1w_acpc_dc_restore,1
132118_T1w_acpc_dc_restore,1
133019_T1w_acpc_dc_restore,1
133625_T1w_acpc_dc_restore,1
133827_T1w_acpc_dc_restore,1
133928_T1w_acpc_dc_restore,1
134021_T1w_acpc_dc_restore,1
134223_T1w_acpc_dc_restore,1
134324_T1w_acpc_dc_restore,1
134425_T1w_acpc_dc_restore,1
134627_T1w_acpc_dc_restore,1
134728_T1w_acpc_dc_restore,1
134829_T1w_acpc_dc_restore,1
135124_T1w_acpc_dc_restore,1
135225_T1w_acpc_dc_restore,1
135528_T1w_acpc_dc_restore,1
135629_T1w_acpc_dc_restore,1
135730_T1w_acpc_dc_restore,1
135932_T1w_acpc_dc_restore,1
136126_T1w_acpc_dc_restore,1
136227_T1w_acpc_dc_restore,1
136631_T1w_acpc_dc_restore,1
136732_T1w_acpc_dc_restore,1
136833_T1w_acpc_dc_restore,1
137027_T1w_acpc_dc_restore,1
137128_T1w_acpc_dc_restore,2
137229_T1w_acpc_dc_restore,1
137431_T1w_acpc_dc_restore,1
137532_T1w_acpc_dc_restore,1
137633_T1w_acpc_dc_restore,1
137936_T1w_acpc_dc_restore,1
138130_T1w_acpc_dc_restore,1
138231_T1w_acpc_dc_restore,1
138332_T1w_acpc_dc_restore,1
138534_T1w_acpc_dc_restore,1
138837_T1w_acpc_dc_restore,1
139233_T1w_acpc_dc_restore,1
139435_T1w_acpc_dc_restore,1
139637_T1w_acpc_dc_restore,1
139839_T1w_acpc_dc_restore,1
140117_T1w_acpc_dc_restore,1
140319_T1w_acpc_dc_restore,1
140420_T1w_acpc_dc_restore,1
140824_T1w_acpc_dc_restore,1
140925_T1w_acpc_dc_restore,1
141119_T1w_acpc_dc_restore,1
141422_T1w_acpc_dc_restore,1
141826_T1w_acpc_dc_restore,1
142424_T1w_acpc_dc_restore,1
142828_T1w_acpc_dc_restore,1
143224_T1w_acpc_dc_restore,1
143325_T1w_acpc_dc_restore,1
143426_T1w_acpc_dc_restore,1
143527_T1w_acpc_dc_restore,1
143830_T1w_acpc_dc_restore,1
144125_T1w_acpc_dc_restore,1
144226_T1w_acpc_dc_restore,1
144428_T1w_acpc_dc_restore,1
144731_T1w_acpc_dc_restore,1
144832_T1w_acpc_dc_restore,1
144933_T1w_acpc_dc_restore,1
145127_T1w_acpc_dc_restore,1
145531_T1w_acpc_dc_restore,1
145632_T1w_acpc_dc_restore,1
145834_T1w_acpc_dc_restore,1
146129_T1w_acpc_dc_restore,1
146331_T1w_acpc_dc_restore,1
146432_T1w_acpc_dc_restore,1
146533_T1w_acpc_dc_restore,1
146634_T1w_acpc_dc_restore,1
146735_T1w_acpc_dc_restore,1
146836_T1w_acpc_dc_restore,1
146937_T1w_acpc_dc_restore,1
147030_T1w_acpc_dc_restore,1
147636_T1w_acpc_dc_restore,1
147737_T1w_acpc_dc_restore,1
148032_T1w_acpc_dc_restore,1
148133_T1w_acpc_dc_restore,1
148335_T1w_acpc_dc_restore,1
148436_T1w_acpc_dc_restore,1
148840_T1w_acpc_dc_restore,1
148941_T1w_acpc_dc_restore,1
149236_T1w_acpc_dc_restore,1
149337_T1w_acpc_dc_restore,1
149539_T1w_acpc_dc_restore,1
149741_T1w_acpc_dc_restore,1
149842_T1w_acpc_dc_restore,1
150019_T1w_acpc_dc_restore,1
150423_T1w_acpc_dc_restore,1
150524_T1w_acpc_dc_restore,1
150625_T1w_acpc_dc_restore,1
150726_T1w_acpc_dc_restore,1
150928_T1w_acpc_dc_restore,1
151021_T1w_acpc_dc_restore,1
151223_T1w_acpc_dc_restore,1
151324_T1w_acpc_dc_restore,1
151425_T1w_acpc_dc_restore,2
151526_T1w_acpc_dc_restore,1
151627_T1w_acpc_dc_restore,2
151728_T1w_acpc_dc_restore,2
151829_T1w_acpc_dc_restore,2
151930_T1w_acpc_dc_restore,1
152225_T1w_acpc_dc_restore,1
152427_T1w_acpc_dc_restore,1
152831_T1w_acpc_dc_restore,1
153025_T1w_acpc_dc_restore,1
153126_T1w_acpc_dc_restore,1
153227_T1w_acpc_dc_restore,1
153429_T1w_acpc_dc_restore,1
153631_T1w_acpc_dc_restore,1
153732_T1w_acpc_dc_restore,1
153833_T1w_acpc_dc_restore,1
153934_T1w_acpc_dc_restore,1
154229_T1w_acpc_dc_restore,1
154330_T1w_acpc_dc_restore,1
154431_T1w_acpc_dc_restore,2
154532_T1w_acpc_dc_restore,1
154734_T1w_acpc_dc_restore,1
154835_T1w_acpc_dc_restore,1
154936_T1w_acpc_dc_restore,1
155231_T1w_acpc_dc_restore,1
155635_T1w_acpc_dc_restore,1
155938_T1w_acpc_dc_restore,1
156031_T1w_acpc_dc_restore,2
156233_T1w_acpc_dc_restore,1
156334_T1w_acpc_dc_restore,1
156435_T1w_acpc_dc_restore,2
156536_T1w_acpc_dc_restore,1
156637_T1w_acpc_dc_restore,2
157336_T1w_acpc_dc_restore,1
157437_T1w_acpc_dc_restore,1
157942_T1w_acpc_dc_restore,1
158035_T1w_acpc_dc_restore,1
158136_T1w_acpc_dc_restore,1
158338_T1w_acpc_dc_restore,1
158540_T1w_acpc_dc_restore,2
158843_T1w_acpc_dc_restore,1
159138_T1w_acpc_dc_restore,1
159239_T1w_acpc_dc_restore,1
159340_T1w_acpc_dc_restore,1
159441_T1w_acpc_dc_restore,2
159744_T1w_acpc_dc_restore,1
159845_T1w_acpc_dc_restore,1
159946_T1w_acpc_dc_restore,1
160123_T1w_acpc_dc_restore,1
160729_T1w_acpc_dc_restore,1
160830_T1w_acpc_dc_restore,1
160931_T1w_acpc_dc_restore,1
161327_T1w_acpc_dc_restore,1
161630_T1w_acpc_dc_restore,1
161731_T1w_acpc_dc_restore,1
161832_T1w_acpc_dc_restore,1
162026_T1w_acpc_dc_restore,1
162228_T1w_acpc_dc_restore,1
162329_T1w_acpc_dc_restore,1
162733_T1w_acpc_dc_restore,2
162935_T1w_acpc_dc_restore,1
163129_T1w_acpc_dc_restore,2
163331_T1w_acpc_dc_restore,1
163432_T1w_acpc_dc_restore,1
163836_T1w_acpc_dc_restore,1
164030_T1w_acpc_dc_restore,2
164131_T1w_acpc_dc_restore,1
164636_T1w_acpc_dc_restore,1
164939_T1w_acpc_dc_restore,1
165032_T1w_acpc_dc_restore,1
165234_T1w_acpc_dc_restore,1
165436_T1w_acpc_dc_restore,1
165638_T1w_acpc_dc_restore,1
165840_T1w_acpc_dc_restore,1
165941_T1w_acpc_dc_restore,2
166438_T1w_acpc_dc_restore,1
166640_T1w_acpc_dc_restore,1
167036_T1w_acpc_dc_restore,1
167238_T1w_acpc_dc_restore,1
167440_T1w_acpc_dc_restore,1
167743_T1w_acpc_dc_restore,1
168038_T1w_acpc_dc_restore,1
168139_T1w_acpc_dc_restore,4
168240_T1w_acpc_dc_restore,2
168341_T1w_acpc_dc_restore,1
168745_T1w_acpc_dc_restore,1
168947_T1w_acpc_dc_restore,1
169040_T1w_acpc_dc_restore,1
169141_T1w_acpc_dc_restore,1
169343_T1w_acpc_dc_restore,1
169444_T1w_acpc_dc_restore,2
169545_T1w_acpc_dc_restore,1
169747_T1w_acpc_dc_restore,1
169949_T1w_acpc_dc_restore,1
170631_T1w_acpc_dc_restore,1
170934_T1w_acpc_dc_restore,1
171128_T1w_acpc_dc_restore,1
171330_T1w_acpc_dc_restore,2
171431_T1w_acpc_dc_restore,1
171532_T1w_acpc_dc_restore,2
171633_T1w_acpc_dc_restore,1
171734_T1w_acpc_dc_restore,1
172029_T1w_acpc_dc_restore,1
172130_T1w_acpc_dc_restore,1
172332_T1w_acpc_dc_restore,1
172433_T1w_acpc_dc_restore,1
172534_T1w_acpc_dc_restore,1
172635_T1w_acpc_dc_restore,1
172938_T1w_acpc_dc_restore,1
173132_T1w_acpc_dc_restore,1
173233_T1w_acpc_dc_restore,1
173334_T1w_acpc_dc_restore,1
173435_T1w_acpc_dc_restore,1
173536_T1w_acpc_dc_restore,1
173637_T1w_acpc_dc_restore,1
173738_T1w_acpc_dc_restore,1
173839_T1w_acpc_dc_restore,2
173940_T1w_acpc_dc_restore,1
174437_T1w_acpc_dc_restore,1
174841_T1w_acpc_dc_restore,1
175035_T1w_acpc_dc_restore,1
175136_T1w_acpc_dc_restore,2
175237_T1w_acpc_dc_restore,1
175338_T1w_acpc_dc_restore,1
175439_T1w_acpc_dc_restore,1
175540_T1w_acpc_dc_restore,1
175742_T1w_acpc_dc_restore,1
176037_T1w_acpc_dc_restore,1
176239_T1w_acpc_dc_restore,1
176441_T1w_acpc_dc_restore,1
176542_T1w_acpc_dc_restore,1
176744_T1w_acpc_dc_restore,2
176845_T1w_acpc_dc_restore,1
177140_T1w_acpc_dc_restore,1
177241_T1w_acpc_dc_restore,1
177342_T1w_acpc_dc_restore,2
177645_T1w_acpc_dc_restore,1
177746_T1w_acpc_dc_restore,1
178142_T1w_acpc_dc_restore,1
178243_T1w_acpc_dc_restore,1
178647_T1w_acpc_dc_restore,1
178748_T1w_acpc_dc_restore,1
178849_T1w_acpc_dc_restore,1
178950_T1w_acpc_dc_restore,1
179245_T1w_acpc_dc_restore,1
179346_T1w_acpc_dc_restore,1
179548_T1w_acpc_dc_restore,1
179952_T1w_acpc_dc_restore,1
180129_T1w_acpc_dc_restore,1
180230_T1w_acpc_dc_restore,1
180432_T1w_acpc_dc_restore,1
180533_T1w_acpc_dc_restore,1
180735_T1w_acpc_dc_restore,1
180836_T1w_acpc_dc_restore,1
180937_T1w_acpc_dc_restore,1
181131_T1w_acpc_dc_restore,1
181232_T1w_acpc_dc_restore,1
181636_T1w_acpc_dc_restore,1
182032_T1w_acpc_dc_restore,1
182436_T1w_acpc_dc_restore,1
182739_T1w_acpc_dc_restore,1
182840_T1w_acpc_dc_restore,1
183034_T1w_acpc_dc_restore,1
183337_T1w_acpc_dc_restore,1
183741_T1w_acpc_dc_restore,1
185038_T1w_acpc_dc_restore,2
185139_T1w_acpc_dc_restore,1
185341_T1w_acpc_dc_restore,1
185442_T1w_acpc_dc_restore,1
185846_T1w_acpc_dc_restore,1
185947_T1w_acpc_dc_restore,1
186040_T1w_acpc_dc_restore,1
186141_T1w_acpc_dc_restore,1
186444_T1w_acpc_dc_restore,1
186545_T1w_acpc_dc_restore,1
186848_T1w_acpc_dc_restore,1
186949_T1w_acpc_dc_restore,1
187143_T1w_acpc_dc_restore,1
187345_T1w_acpc_dc_restore,1
187547_T1w_acpc_dc_restore,1
187850_T1w_acpc_dc_restore,1
188145_T1w_acpc_dc_restore,1
188347_T1w_acpc_dc_restore,1
188448_T1w_acpc_dc_restore,1
188549_T1w_acpc_dc_restore,1
188751_T1w_acpc_dc_restore,1
189349_T1w_acpc_dc_restore,1
189450_T1w_acpc_dc_restore,1
189652_T1w_acpc_dc_restore,1
190031_T1w_acpc_dc_restore,1
190132_T1w_acpc_dc_restore,1
191033_T1w_acpc_dc_restore,1
191235_T1w_acpc_dc_restore,1
191336_T1w_acpc_dc_restore,1
191437_T1w_acpc_dc_restore,1
191841_T1w_acpc_dc_restore,1
191942_T1w_acpc_dc_restore,1
192035_T1w_acpc_dc_restore,1
192136_T1w_acpc_dc_restore,1
192237_T1w_acpc_dc_restore,2
192439_T1w_acpc_dc_restore,1
192540_T1w_acpc_dc_restore,1
192641_T1w_acpc_dc_restore,1
192843_T1w_acpc_dc_restore,1
193239_T1w_acpc_dc_restore,1
193441_T1w_acpc_dc_restore,1
193845_T1w_acpc_dc_restore,1
194140_T1w_acpc_dc_restore,1
194443_T1w_acpc_dc_restore,2
194645_T1w_acpc_dc_restore,1
194746_T1w_acpc_dc_restore,1
194847_T1w_acpc_dc_restore,1
195041_T1w_acpc_dc_restore,1
195445_T1w_acpc_dc_restore,1
195647_T1w_acpc_dc_restore,1
195849_T1w_acpc_dc_restore,1
195950_T1w_acpc_dc_restore,1
196144_T1w_acpc_dc_restore,1
196346_T1w_acpc_dc_restore,1
196750_T1w_acpc_dc_restore,1
196851_T1w_acpc_dc_restore,1
196952_T1w_acpc_dc_restore,1
197348_T1w_acpc_dc_restore,1
197449_T1w_acpc_dc_restore,1
197550_T1w_acpc_dc_restore,1
197651_T1w_acpc_dc_restore,1
198047_T1w_acpc_dc_restore,1
198249_T1w_acpc_dc_restore,1
198350_T1w_acpc_dc_restore,1
198451_T1w_acpc_dc_restore,1
198653_T1w_acpc_dc_restore,1
198855_T1w_acpc_dc_restore,1
199150_T1w_acpc_dc_restore,1
199251_T1w_acpc_dc_restore,1
199352_T1w_acpc_dc_restore,1
199453_T1w_acpc_dc_restore,1
199655_T1w_acpc_dc_restore,1
199958_T1w_acpc_dc_restore,1
200008_T1w_acpc_dc_restore,1
200109_T1w_acpc_dc_restore,1
200210_T1w_acpc_dc_restore,1
200311_T1w_acpc_dc_restore,1
200513_T1w_acpc_dc_restore,1
200614_T1w_acpc_dc_restore,1
200917_T1w_acpc_dc_restore,1
201111_T1w_acpc_dc_restore,1
201414_T1w_acpc_dc_restore,1
201515_T1w_acpc_dc_restore,1
201717_T1w_acpc_dc_restore,1
201818_T1w_acpc_dc_restore,1
202113_T1w_acpc_dc_restore,2
202719_T1w_acpc_dc_restore,1
202820_T1w_acpc_dc_restore,1
203418_T1w_acpc_dc_restore,1
203721_T1w_acpc_dc_restore,2
203923_T1w_acpc_dc_restore,1
204016_T1w_acpc_dc_restore,2
204218_T1w_acpc_dc_restore,1
204319_T1w_acpc_dc_restore,1
204420_T1w_acpc_dc_restore,2
204521_T1w_acpc_dc_restore,2
204622_T1w_acpc_dc_restore,1
205119_T1w_acpc_dc_restore,2
205220_T1w_acpc_dc_restore,1
205725_T1w_acpc_dc_restore,2
205826_T1w_acpc_dc_restore,2
206222_T1w_acpc_dc_restore,1
206323_T1w_acpc_dc_restore,2
206525_T1w_acpc_dc_restore,1
206727_T1w_acpc_dc_restore,1
206828_T1w_acpc_dc_restore,1
206929_T1w_acpc_dc_restore,1
207123_T1w_acpc_dc_restore,1
207426_T1w_acpc_dc_restore,1
207628_T1w_acpc_dc_restore,1
208024_T1w_acpc_dc_restore,1
208125_T1w_acpc_dc_restore,1
208226_T1w_acpc_dc_restore,1
208327_T1w_acpc_dc_restore,1
208428_T1w_acpc_dc_restore,1
208630_T1w_acpc_dc_restore,1
209127_T1w_acpc_dc_restore,1
209228_T1w_acpc_dc_restore,1
209329_T1w_acpc_dc_restore,1
209531_T1w_acpc_dc_restore,1
209834_T1w_acpc_dc_restore,2
209935_T1w_acpc_dc_restore,1
210011_T1w_acpc_dc_restore,2
210112_T1w_acpc_dc_restore,1
210415_T1w_acpc_dc_restore,2
210617_T1w_acpc_dc_restore,1
211114_T1w_acpc_dc_restore,2
211215_T1w_acpc_dc_restore,1
211316_T1w_acpc_dc_restore,2
211417_T1w_acpc_dc_restore,1
211619_T1w_acpc_dc_restore,1
211720_T1w_acpc_dc_restore,1
211821_T1w_acpc_dc_restore,1
211922_T1w_acpc_dc_restore,1
212015_T1w_acpc_dc_restore,2
212116_T1w_acpc_dc_restore,1
212217_T1w_acpc_dc_restore,1
212318_T1w_acpc_dc_restore,1
212419_T1w_acpc_dc_restore,1
212823_T1w_acpc_dc_restore,1
213017_T1w_acpc_dc_restore,1
213421_T1w_acpc_dc_restore,1
213522_T1w_acpc_dc_restore,1
214019_T1w_acpc_dc_restore,1
214221_T1w_acpc_dc_restore,3
214423_T1w_acpc_dc_restore,1
214524_T1w_acpc_dc_restore,1
214625_T1w_acpc_dc_restore,1
214726_T1w_acpc_dc_restore,1
217126_T1w_acpc_dc_restore,1
217429_T1w_acpc_dc_restore,1
219231_T1w_acpc_dc_restore,1
220721_T1w_acpc_dc_restore,1
221218_T1w_acpc_dc_restore,1
221319_T1w_acpc_dc_restore,1
223929_T1w_acpc_dc_restore,1
224022_T1w_acpc_dc_restore,1
227432_T1w_acpc_dc_restore,1
227533_T1w_acpc_dc_restore,1
228434_T1w_acpc_dc_restore,1
231928_T1w_acpc_dc_restore,1
233326_T1w_acpc_dc_restore,1
236130_T1w_acpc_dc_restore,2
237334_T1w_acpc_dc_restore,1
238033_T1w_acpc_dc_restore,1
239136_T1w_acpc_dc_restore,1
239944_T1w_acpc_dc_restore,2
245333_T1w_acpc_dc_restore,1
246133_T1w_acpc_dc_restore,1
248238_T1w_acpc_dc_restore,1
248339_T1w_acpc_dc_restore,1
249947_T1w_acpc_dc_restore,1
250427_T1w_acpc_dc_restore,2
250932_T1w_acpc_dc_restore,1
251833_T1w_acpc_dc_restore,1
255639_T1w_acpc_dc_restore,2
255740_T1w_acpc_dc_restore,1
256540_T1w_acpc_dc_restore,1
257542_T1w_acpc_dc_restore,1
257845_T1w_acpc_dc_restore,2
257946_T1w_acpc_dc_restore,1
263436_T1w_acpc_dc_restore,1
268749_T1w_acpc_dc_restore,1
268850_T1w_acpc_dc_restore,1
270332_T1w_acpc_dc_restore,1
274542_T1w_acpc_dc_restore,1
275645_T1w_acpc_dc_restore,1
280739_T1w_acpc_dc_restore,1
280941_T1w_acpc_dc_restore,1
281135_T1w_acpc_dc_restore,1
283543_T1w_acpc_dc_restore,1
284646_T1w_acpc_dc_restore,1
285345_T1w_acpc_dc_restore,1
285446_T1w_acpc_dc_restore,1
286347_T1w_acpc_dc_restore,1
286650_T1w_acpc_dc_restore,1
287248_T1w_acpc_dc_restore,1
289555_T1w_acpc_dc_restore,1
290136_T1w_acpc_dc_restore,1
293748_T1w_acpc_dc_restore,1
295146_T1w_acpc_dc_restore,1
297655_T1w_acpc_dc_restore,1
298051_T1w_acpc_dc_restore,1
298455_T1w_acpc_dc_restore,1
299154_T1w_acpc_dc_restore,1
299760_T1w_acpc_dc_restore,1
300618_T1w_acpc_dc_restore,1
300719_T1w_acpc_dc_restore,1
303119_T1w_acpc_dc_restore,1
303624_T1w_acpc_dc_restore,1
304020_T1w_acpc_dc_restore,1
304727_T1w_acpc_dc_restore,1
305830_T1w_acpc_dc_restore,1
307127_T1w_acpc_dc_restore,1
308129_T1w_acpc_dc_restore,1
308331_T1w_acpc_dc_restore,1
309636_T1w_acpc_dc_restore,1
310621_T1w_acpc_dc_restore,1
311320_T1w_acpc_dc_restore,1
314225_T1w_acpc_dc_restore,3
316633_T1w_acpc_dc_restore,1
316835_T1w_acpc_dc_restore,1
317332_T1w_acpc_dc_restore,1
318637_T1w_acpc_dc_restore,1
320826_T1w_acpc_dc_restore,1
321323_T1w_acpc_dc_restore,1
322224_T1w_acpc_dc_restore,1
325129_T1w_acpc_dc_restore,1
329440_T1w_acpc_dc_restore,1
329844_T1w_acpc_dc_restore,1
330324_T1w_acpc_dc_restore,1
333330_T1w_acpc_dc_restore,1
334635_T1w_acpc_dc_restore,2
336841_T1w_acpc_dc_restore,1
339847_T1w_acpc_dc_restore,1
341834_T1w_acpc_dc_restore,1
342129_T1w_acpc_dc_restore,1
346137_T1w_acpc_dc_restore,1
346945_T1w_acpc_dc_restore,1
348545_T1w_acpc_dc_restore,1
349244_T1w_acpc_dc_restore,1
350330_T1w_acpc_dc_restore,1
351938_T1w_acpc_dc_restore,1
352132_T1w_acpc_dc_restore,1
352738_T1w_acpc_dc_restore,1
353740_T1w_acpc_dc_restore,1
355239_T1w_acpc_dc_restore,1
355542_T1w_acpc_dc_restore,2
355845_T1w_acpc_dc_restore,1
356948_T1w_acpc_dc_restore,1
358144_T1w_acpc_dc_restore,1
360030_T1w_acpc_dc_restore,1
361234_T1w_acpc_dc_restore,1
361941_T1w_acpc_dc_restore,1
362034_T1w_acpc_dc_restore,1
365343_T1w_acpc_dc_restore,1
366042_T1w_acpc_dc_restore,1
366446_T1w_acpc_dc_restore,1
368551_T1w_acpc_dc_restore,1
368753_T1w_acpc_dc_restore,1
371843_T1w_acpc_dc_restore,1
376247_T1w_acpc_dc_restore,1
377451_T1w_acpc_dc_restore,1
378756_T1w_acpc_dc_restore,1
378857_T1w_acpc_dc_restore,1
379657_T1w_acpc_dc_restore,1
380036_T1w_acpc_dc_restore,1
381038_T1w_acpc_dc_restore,1
381543_T1w_acpc_dc_restore,1
382242_T1w_acpc_dc_restore,1
385046_T1w_acpc_dc_restore,1
385450_T1w_acpc_dc_restore,1
386250_T1w_acpc_dc_restore,1
387959_T1w_acpc_dc_restore,1
389357_T1w_acpc_dc_restore,1
390645_T1w_acpc_dc_restore,1
391748_T1w_acpc_dc_restore,1
392447_T1w_acpc_dc_restore,1
392750_T1w_acpc_dc_restore,1
393247_T1w_acpc_dc_restore,1
393550_T1w_acpc_dc_restore,1
394956_T1w_acpc_dc_restore,1
395251_T1w_acpc_dc_restore,1
395756_T1w_acpc_dc_restore,2
395958_T1w_acpc_dc_restore,1
397154_T1w_acpc_dc_restore,1
397760_T1w_acpc_dc_restore,1
397861_T1w_acpc_dc_restore,1
401422_T1w_acpc_dc_restore,1
406432_T1w_acpc_dc_restore,1
406836_T1w_acpc_dc_restore,1
412528_T1w_acpc_dc_restore,1
413934_T1w_acpc_dc_restore,1
414229_T1w_acpc_dc_restore,1
415837_T1w_acpc_dc_restore,1
419239_T1w_acpc_dc_restore,2
421226_T1w_acpc_dc_restore,1
422632_T1w_acpc_dc_restore,1
424939_T1w_acpc_dc_restore,1
429040_T1w_acpc_dc_restore,1
432332_T1w_acpc_dc_restore,1
433839_T1w_acpc_dc_restore,1
436239_T1w_acpc_dc_restore,1
436845_T1w_acpc_dc_restore,1
441939_T1w_acpc_dc_restore,1
445543_T1w_acpc_dc_restore,1
448347_T1w_acpc_dc_restore,1
449753_T1w_acpc_dc_restore,1
453441_T1w_acpc_dc_restore,2
453542_T1w_acpc_dc_restore,1
454140_T1w_acpc_dc_restore,1
456346_T1w_acpc_dc_restore,1
459453_T1w_acpc_dc_restore,1
461743_T1w_acpc_dc_restore,3
462139_T1w_acpc_dc_restore,1
463040_T1w_acpc_dc_restore,1
465852_T1w_acpc_dc_restore,1
467351_T1w_acpc_dc_restore,1
468050_T1w_acpc_dc_restore,1
469961_T1w_acpc_dc_restore,1
473952_T1w_acpc_dc_restore,1
475855_T1w_acpc_dc_restore,1
479762_T1w_acpc_dc_restore,1
480141_T1w_acpc_dc_restore,1
481042_T1w_acpc_dc_restore,1
481951_T1w_acpc_dc_restore,1
485757_T1w_acpc_dc_restore,1
486759_T1w_acpc_dc_restore,1
492754_T1w_acpc_dc_restore,1
495255_T1w_acpc_dc_restore,1
497865_T1w_acpc_dc_restore,1
499566_T1w_acpc_dc_restore,1
500222_T1w_acpc_dc_restore,1
506234_T1w_acpc_dc_restore,1
510225_T1w_acpc_dc_restore,1
510326_T1w_acpc_dc_restore,1
512835_T1w_acpc_dc_restore,1
513130_T1w_acpc_dc_restore,1
513736_T1w_acpc_dc_restore,2
516742_T1w_acpc_dc_restore,1
517239_T1w_acpc_dc_restore,1
518746_T1w_acpc_dc_restore,2
519647_T1w_acpc_dc_restore,1
519950_T1w_acpc_dc_restore,1
520228_T1w_acpc_dc_restore,1
521331_T1w_acpc_dc_restore,2
522434_T1w_acpc_dc_restore,1
523032_T1w_acpc_dc_restore,1
524135_T1w_acpc_dc_restore,1
525541_T1w_acpc_dc_restore,1
529549_T1w_acpc_dc_restore,1
529953_T1w_acpc_dc_restore,1
530635_T1w_acpc_dc_restore,1
531536_T1w_acpc_dc_restore,1
531940_T1w_acpc_dc_restore,1
536647_T1w_acpc_dc_restore,1
540436_T1w_acpc_dc_restore,1
541640_T1w_acpc_dc_restore,1
541943_T1w_acpc_dc_restore,1
545345_T1w_acpc_dc_restore,1
547046_T1w_acpc_dc_restore,1
548250_T1w_acpc_dc_restore,1
549757_T1w_acpc_dc_restore,1
550439_T1w_acpc_dc_restore,2
552241_T1w_acpc_dc_restore,1
552544_T1w_acpc_dc_restore,1
553344_T1w_acpc_dc_restore,1
555348_T1w_acpc_dc_restore,1
555651_T1w_acpc_dc_restore,1
555954_T1w_acpc_dc_restore,1
557857_T1w_acpc_dc_restore,1
558657_T1w_acpc_dc_restore,1
558960_T1w_acpc_dc_restore,1
559053_T1w_acpc_dc_restore,1
559457_T1w_acpc_dc_restore,1
561242_T1w_acpc_dc_restore,1
561444_T1w_acpc_dc_restore,1
561949_T1w_acpc_dc_restore,1
562345_T1w_acpc_dc_restore,1
562446_T1w_acpc_dc_restore,1
565452_T1w_acpc_dc_restore,1
566454_T1w_acpc_dc_restore,1
567052_T1w_acpc_dc_restore,1
567759_T1w_acpc_dc_restore,1
567961_T1w_acpc_dc_restore,1
568963_T1w_acpc_dc_restore,1
569965_T1w_acpc_dc_restore,1
570243_T1w_acpc_dc_restore,1
571144_T1w_acpc_dc_restore,1
571548_T1w_acpc_dc_restore,1
572045_T1w_acpc_dc_restore,1
573249_T1w_acpc_dc_restore,1
573451_T1w_acpc_dc_restore,1
576255_T1w_acpc_dc_restore,1
578057_T1w_acpc_dc_restore,1
578158_T1w_acpc_dc_restore,1
579665_T1w_acpc_dc_restore,1
579867_T1w_acpc_dc_restore,1
580044_T1w_acpc_dc_restore,1
580347_T1w_acpc_dc_restore,1
580650_T1w_acpc_dc_restore,1
580751_T1w_acpc_dc_restore,1
581349_T1w_acpc_dc_restore,1
581450_T1w_acpc_dc_restore,1
583858_T1w_acpc_dc_restore,1
584355_T1w_acpc_dc_restore,1
585256_T1w_acpc_dc_restore,1
585862_T1w_acpc_dc_restore,2
586460_T1w_acpc_dc_restore,1
587664_T1w_acpc_dc_restore,1
588565_T1w_acpc_dc_restore,1
589567_T1w_acpc_dc_restore,1
590047_T1w_acpc_dc_restore,1
592455_T1w_acpc_dc_restore,1
594156_T1w_acpc_dc_restore,1
597869_T1w_acpc_dc_restore,1
598568_T1w_acpc_dc_restore,1
599065_T1w_acpc_dc_restore,1
599469_T1w_acpc_dc_restore,2
599671_T1w_acpc_dc_restore,1
601127_T1w_acpc_dc_restore,1
604537_T1w_acpc_dc_restore,1
609143_T1w_acpc_dc_restore,1
611231_T1w_acpc_dc_restore,1
611938_T1w_acpc_dc_restore,1
613235_T1w_acpc_dc_restore,1
613538_T1w_acpc_dc_restore,1
614439_T1w_acpc_dc_restore,1
615441_T1w_acpc_dc_restore,1
615744_T1w_acpc_dc_restore,1
616645_T1w_acpc_dc_restore,1
617748_T1w_acpc_dc_restore,1
618952_T1w_acpc_dc_restore,1
620434_T1w_acpc_dc_restore,1
622236_T1w_acpc_dc_restore,1
623137_T1w_acpc_dc_restore,1
623844_T1w_acpc_dc_restore,1
626648_T1w_acpc_dc_restore,1
627549_T1w_acpc_dc_restore,1
627852_T1w_acpc_dc_restore,1
628248_T1w_acpc_dc_restore,3
633847_T1w_acpc_dc_restore,1
634748_T1w_acpc_dc_restore,1
635245_T1w_acpc_dc_restore,1
638049_T1w_acpc_dc_restore,1
644044_T1w_acpc_dc_restore,1
644246_T1w_acpc_dc_restore,1
645450_T1w_acpc_dc_restore,1
645551_T1w_acpc_dc_restore,1
647858_T1w_acpc_dc_restore,1
650746_T1w_acpc_dc_restore,1
654350_T1w_acpc_dc_restore,1
654552_T1w_acpc_dc_restore,1
654754_T1w_acpc_dc_restore,1
656253_T1w_acpc_dc_restore,1
656657_T1w_acpc_dc_restore,1
657659_T1w_acpc_dc_restore,1
660951_T1w_acpc_dc_restore,1
662551_T1w_acpc_dc_restore,1
663755_T1w_acpc_dc_restore,1
664757_T1w_acpc_dc_restore,1
665254_T1w_acpc_dc_restore,1
667056_T1w_acpc_dc_restore,1
668361_T1w_acpc_dc_restore,1
671855_T1w_acpc_dc_restore,1
672756_T1w_acpc_dc_restore,1
673455_T1w_acpc_dc_restore,1
675661_T1w_acpc_dc_restore,1
677766_T1w_acpc_dc_restore,1
677968_T1w_acpc_dc_restore,1
679568_T1w_acpc_dc_restore,1
679770_T1w_acpc_dc_restore,1
680250_T1w_acpc_dc_restore,1
680452_T1w_acpc_dc_restore,1
680957_T1w_acpc_dc_restore,1
683256_T1w_acpc_dc_restore,1
685058_T1w_acpc_dc_restore,1
686969_T1w_acpc_dc_restore,1
687163_T1w_acpc_dc_restore,1
688569_T1w_acpc_dc_restore,1
689470_T1w_acpc_dc_restore,1
690152_T1w_acpc_dc_restore,1
692964_T1w_acpc_dc_restore,1
693461_T1w_acpc_dc_restore,1
693764_T1w_acpc_dc_restore,1
694362_T1w_acpc_dc_restore,1
695768_T1w_acpc_dc_restore,1
698168_T1w_acpc_dc_restore,1
700634_T1w_acpc_dc_restore,1
701535_T1w_acpc_dc_restore,1
702133_T1w_acpc_dc_restore,1
704238_T1w_acpc_dc_restore,1
705341_T1w_acpc_dc_restore,1
706040_T1w_acpc_dc_restore,2
707749_T1w_acpc_dc_restore,1
709551_T1w_acpc_dc_restore,1
713239_T1w_acpc_dc_restore,1
715041_T1w_acpc_dc_restore,1
715647_T1w_acpc_dc_restore,1
715950_T1w_acpc_dc_restore,1
720337_T1w_acpc_dc_restore,1
723141_T1w_acpc_dc_restore,1
724446_T1w_acpc_dc_restore,1
725751_T1w_acpc_dc_restore,1
727553_T1w_acpc_dc_restore,2
727654_T1w_acpc_dc_restore,1
728454_T1w_acpc_dc_restore,1
729254_T1w_acpc_dc_restore,1
729557_T1w_acpc_dc_restore,1
731140_T1w_acpc_dc_restore,1
732243_T1w_acpc_dc_restore,1
733548_T1w_acpc_dc_restore,1
734045_T1w_acpc_dc_restore,1
734247_T1w_acpc_dc_restore,1
735148_T1w_acpc_dc_restore,1
737960_T1w_acpc_dc_restore,1
742549_T1w_acpc_dc_restore,1
744553_T1w_acpc_dc_restore,1
745555_T1w_acpc_dc_restore,1
748258_T1w_acpc_dc_restore,1
748662_T1w_acpc_dc_restore,1
749058_T1w_acpc_dc_restore,1
749361_T1w_acpc_dc_restore,1
751348_T1w_acpc_dc_restore,1
751550_T1w_acpc_dc_restore,1
753150_T1w_acpc_dc_restore,1
753251_T1w_acpc_dc_restore,1
756055_T1w_acpc_dc_restore,2
757764_T1w_acpc_dc_restore,1
759869_T1w_acpc_dc_restore,1
760551_T1w_acpc_dc_restore,1
761957_T1w_acpc_dc_restore,1
763557_T1w_acpc_dc_restore,1
765056_T1w_acpc_dc_restore,1
765864_T1w_acpc_dc_restore,1
766563_T1w_acpc_dc_restore,1
767464_T1w_acpc_dc_restore,1
769064_T1w_acpc_dc_restore,1
770352_T1w_acpc_dc_restore,1
771354_T1w_acpc_dc_restore,1
773257_T1w_acpc_dc_restore,1
774663_T1w_acpc_dc_restore,1
779370_T1w_acpc_dc_restore,1
782157_T1w_acpc_dc_restore,1
782561_T1w_acpc_dc_restore,1
783462_T1w_acpc_dc_restore,1
784565_T1w_acpc_dc_restore,1
786569_T1w_acpc_dc_restore,1
788674_T1w_acpc_dc_restore,1
788876_T1w_acpc_dc_restore,2
789373_T1w_acpc_dc_restore,1
792564_T1w_acpc_dc_restore,1
792766_T1w_acpc_dc_restore,1
792867_T1w_acpc_dc_restore,1
793465_T1w_acpc_dc_restore,1
800941_T1w_acpc_dc_restore,1
802844_T1w_acpc_dc_restore,1
803240_T1w_acpc_dc_restore,1
804646_T1w_acpc_dc_restore,1
809252_T1w_acpc_dc_restore,1
810439_T1w_acpc_dc_restore,1
810843_T1w_acpc_dc_restore,1
812746_T1w_acpc_dc_restore,1
814548_T1w_acpc_dc_restore,1
814649_T1w_acpc_dc_restore,1
815247_T1w_acpc_dc_restore,1
816653_T1w_acpc_dc_restore,1
818455_T1w_acpc_dc_restore,1
818859_T1w_acpc_dc_restore,1
820745_T1w_acpc_dc_restore,1
822244_T1w_acpc_dc_restore,1
825048_T1w_acpc_dc_restore,1
825553_T1w_acpc_dc_restore,1
825654_T1w_acpc_dc_restore,1
826353_T1w_acpc_dc_restore,1
826454_T1w_acpc_dc_restore,1
827052_T1w_acpc_dc_restore,1
828862_T1w_acpc_dc_restore,1
832651_T1w_acpc_dc_restore,1
833148_T1w_acpc_dc_restore,1
833249_T1w_acpc_dc_restore,1
835657_T1w_acpc_dc_restore,1
837560_T1w_acpc_dc_restore,1
837964_T1w_acpc_dc_restore,1
841349_T1w_acpc_dc_restore,1
843151_T1w_acpc_dc_restore,1
844961_T1w_acpc_dc_restore,1
845458_T1w_acpc_dc_restore,1
849264_T1w_acpc_dc_restore,1
849971_T1w_acpc_dc_restore,1
852455_T1w_acpc_dc_restore,1
856463_T1w_acpc_dc_restore,1
856766_T1w_acpc_dc_restore,1
856968_T1w_acpc_dc_restore,1
857263_T1w_acpc_dc_restore,2
859671_T1w_acpc_dc_restore,1
861456_T1w_acpc_dc_restore,1
865363_T1w_acpc_dc_restore,1
867468_T1w_acpc_dc_restore,1
869472_T1w_acpc_dc_restore,1
870861_T1w_acpc_dc_restore,1
871762_T1w_acpc_dc_restore,1
871964_T1w_acpc_dc_restore,2
872158_T1w_acpc_dc_restore,1
872562_T1w_acpc_dc_restore,1
872764_T1w_acpc_dc_restore,1
873968_T1w_acpc_dc_restore,1
877168_T1w_acpc_dc_restore,1
877269_T1w_acpc_dc_restore,1
878776_T1w_acpc_dc_restore,1
878877_T1w_acpc_dc_restore,1
880157_T1w_acpc_dc_restore,1
882161_T1w_acpc_dc_restore,1
884064_T1w_acpc_dc_restore,1
885975_T1w_acpc_dc_restore,1
886674_T1w_acpc_dc_restore,1
887373_T1w_acpc_dc_restore,1
888678_T1w_acpc_dc_restore,1
889579_T1w_acpc_dc_restore,1
891667_T1w_acpc_dc_restore,1
894067_T1w_acpc_dc_restore,1
894673_T1w_acpc_dc_restore,1
894774_T1w_acpc_dc_restore,1
896778_T1w_acpc_dc_restore,1
896879_T1w_acpc_dc_restore,1
898176_T1w_acpc_dc_restore,2
899885_T1w_acpc_dc_restore,1
901038_T1w_acpc_dc_restore,1
901139_T1w_acpc_dc_restore,1
901442_T1w_acpc_dc_restore,1
902242_T1w_acpc_dc_restore,1
904044_T1w_acpc_dc_restore,1
905147_T1w_acpc_dc_restore,2
907656_T1w_acpc_dc_restore,1
908860_T1w_acpc_dc_restore,1
910241_T1w_acpc_dc_restore,1
910443_T1w_acpc_dc_restore,1
911849_T1w_acpc_dc_restore,1
912447_T1w_acpc_dc_restore,1
917255_T1w_acpc_dc_restore,1
917558_T1w_acpc_dc_restore,1
919966_T1w_acpc_dc_restore,1
922854_T1w_acpc_dc_restore,1
923755_T1w_acpc_dc_restore,1
926862_T1w_acpc_dc_restore,1
927359_T1w_acpc_dc_restore,1
929464_T1w_acpc_dc_restore,2
930449_T1w_acpc_dc_restore,1
932554_T1w_acpc_dc_restore,1
933253_T1w_acpc_dc_restore,1
937160_T1w_acpc_dc_restore,1
942658_T1w_acpc_dc_restore,1
943862_T1w_acpc_dc_restore,1
947668_T1w_acpc_dc_restore,1
951457_T1w_acpc_dc_restore,1
952863_T1w_acpc_dc_restore,1
953764_T1w_acpc_dc_restore,1
955465_T1w_acpc_dc_restore,1
957974_T1w_acpc_dc_restore,1
958976_T1w_acpc_dc_restore,1
959574_T1w_acpc_dc_restore,1
962058_T1w_acpc_dc_restore,1
965367_T1w_acpc_dc_restore,1
965771_T1w_acpc_dc_restore,1
966975_T1w_acpc_dc_restore,1
969476_T1w_acpc_dc_restore,1
970764_T1w_acpc_dc_restore,1
971160_T1w_acpc_dc_restore,1
972566_T1w_acpc_dc_restore,1
973770_T1w_acpc_dc_restore,1
978578_T1w_acpc_dc_restore,1
979984_T1w_acpc_dc_restore,1
983773_T1w_acpc_dc_restore,1
984472_T1w_acpc_dc_restore,1
987074_T1w_acpc_dc_restore,1
987983_T1w_acpc_dc_restore,1
989987_T1w_acpc_dc_restore,1
990366_T1w_acpc_dc_restore,1
991267_T1w_acpc_dc_restore,1
992673_T1w_acpc_dc_restore,1
992774_T1w_acpc_dc_restore,1
993675_T1w_acpc_dc_restore,1
994273_T1w_acpc_dc_restore,1
995174_T1w_acpc_dc_restore,1
996782_T1w_acpc_dc_restore,1
