sub-0001_ses-01_T1w,1
sub-0002_ses-01_T1w,3
sub-0003_ses-01_T1w,2
sub-0004_ses-01_T1w,1
sub-0005_ses-01_T1w,1
sub-0006_ses-01_T1w,2
sub-0007_ses-01_T1w,3
sub-0008_ses-01_T1w,2
sub-0009_ses-01_T1w,2
sub-0010_ses-01_T1w,2
sub-0011_ses-01_T1w,1
sub-0012_ses-01_T1w,3
sub-0013_ses-01_T1w,3
sub-0014_ses-01_T1w,1
sub-0015_ses-01_T1w,2
sub-0016_ses-01_T1w,1
sub-0017_ses-01_T1w,1
sub-0018_ses-01_T1w,2
sub-0019_ses-01_T1w,2
sub-0020_ses-01_T1w,1
sub-0021_ses-01_T1w,1
sub-0022_ses-01_T1w,3
sub-0023_ses-01_T1w,2
sub-0024_ses-01_T1w,3
sub-0025_ses-01_T1w,1
sub-0026_ses-01_T1w,3
sub-0027_ses-01_T1w,2
sub-0028_ses-01_T1w,1
sub-0029_ses-01_T1w,2
sub-0030_ses-01_T1w,1
sub-0031_ses-01_T1w,2
sub-0032_ses-01_T1w,3
sub-0033_ses-01_T1w,1
sub-0034_ses-01_T1w,2
sub-0035_ses-01_T1w,1
sub-0036_ses-01_T1w,2
sub-0037_ses-01_T1w,3
sub-0038_ses-01_T1w,1
sub-0039_ses-01_T1w,2
sub-0040_ses-01_T1w,2
sub-0041_ses-01_T1w,1
sub-0042_ses-01_T1w,2
sub-0043_ses-01_T1w,1
sub-0043_ses-02_T1w,1
sub-0044_ses-01_T1w,2
sub-0045_ses-01_T1w,2
sub-0046_ses-01_T1w,3
sub-0047_ses-01_T1w,1
sub-0048_ses-01_T1w,1
sub-0049_ses-01_T1w,2
sub-0050_ses-01_T1w,2
sub-0051_ses-01_T1w,2
sub-0052_ses-01_T1w,2
sub-0053_ses-01_T1w,2
sub-0054_ses-01_T1w,1
sub-0055_ses-01_T1w,2
sub-0056_ses-01_T1w,1
sub-0057_ses-01_T1w,1
sub-0058_ses-01_T1w,1
sub-0059_ses-01_T1w,2
sub-0060_ses-01_T1w,2
sub-0061_ses-01_T1w,2
sub-0062_ses-01_T1w,2
sub-0063_ses-01_T1w,3
sub-0064_ses-01_T1w,1
sub-0065_ses-01_T1w,2
sub-0066_ses-01_T1w,2
sub-0067_ses-01_T1w,3
sub-0068_ses-01_T1w,1
sub-0069_ses-01_T1w,2
sub-0070_ses-01_T1w,1
sub-0071_ses-01_T1w,2
sub-0072_ses-01_T1w,1
sub-0073_ses-01_T1w,2
sub-0074_ses-01_T1w,1
sub-0075_ses-01_T1w,2
sub-0076_ses-01_T1w,2
sub-0077_ses-01_T1w,1
sub-0078_ses-01_T1w,2
sub-0079_ses-01_T1w,1
sub-0080_ses-01_T1w,2
sub-0081_ses-01_T1w,2
sub-0082_ses-01_T1w,1
sub-0083_ses-01_T1w,1
sub-0084_ses-01_T1w,1
sub-0085_ses-01_T1w,2
sub-0086_ses-01_T1w,1
sub-0087_ses-01_T1w,1
sub-0088_ses-01_T1w,1
sub-0088_ses-02_T1w,1
sub-0089_ses-01_T1w,2
sub-0089_ses-02_T1w,2
sub-0090_ses-01_T1w,2
sub-0091_ses-01_T1w,2
sub-0092_ses-01_T1w,1
sub-0092_ses-02_T1w,1
sub-0093_ses-01_T1w,1
sub-0094_ses-01_T1w,2
sub-0095_ses-01_T1w,1
sub-0095_ses-02_T1w,1
sub-0096_ses-01_T1w,1
sub-0097_ses-01_T1w,2
sub-0098_ses-01_T1w,1
sub-0099_ses-01_T1w,1
sub-0100_ses-01_T1w,1
sub-0101_ses-01_T1w,2
sub-0102_ses-01_T1w,3
sub-0103_ses-01_T1w,1
sub-0104_ses-01_T1w,2
sub-0105_ses-01_T1w,1
sub-0106_ses-01_T1w,1
sub-0107_ses-01_T1w,2
sub-0108_ses-01_T1w,2
sub-0109_ses-01_T1w,3
sub-0110_ses-01_T1w,1
sub-0111_ses-01_T1w,2
sub-0112_ses-01_T1w,1
sub-0113_ses-01_T1w,3
sub-0114_ses-01_T1w,2
sub-0115_ses-01_T1w,1
sub-0116_ses-01_T1w,1
sub-0117_ses-01_T1w,1
sub-0118_ses-01_T1w,2
sub-0119_ses-01_T1w,1
sub-0119_ses-02_T1w,1
sub-0120_ses-01_T1w,2
sub-0121_ses-01_T1w,1
sub-0122_ses-01_T1w,1
sub-0123_ses-01_T1w,1
sub-0124_ses-01_T1w,2
sub-0125_ses-01_T1w,2
sub-0126_ses-01_T1w,1
sub-0127_ses-01_T1w,1
sub-0128_ses-01_T1w,1
sub-0129_ses-01_T1w,3
sub-0130_ses-01_T1w,2
sub-0131_ses-01_T1w,1
sub-0132_ses-01_T1w,2
sub-0133_ses-01_T1w,1
sub-0134_ses-01_T1w,1
sub-0135_ses-01_T1w,1
sub-0136_ses-01_T1w,3
sub-0137_ses-01_T1w,1
sub-0138_ses-01_T1w,2
sub-0139_ses-01_T1w,2
sub-0140_ses-01_T1w,2
sub-0141_ses-01_T1w,1
sub-0142_ses-01_T1w,1
sub-0143_ses-01_T1w,2
sub-0144_ses-01_T1w,1
sub-0145_ses-01_T1w,1
sub-0146_ses-01_T1w,2
sub-0147_ses-01_T1w,1
sub-0148_ses-01_T1w,2
sub-0149_ses-01_T1w,1
sub-0150_ses-01_T1w,1
sub-0151_ses-01_T1w,1
sub-0152_ses-01_T1w,2
sub-0153_ses-01_T1w,2
sub-0154_ses-01_T1w,2
sub-0155_ses-01_T1w,2
sub-0156_ses-01_T1w,1
sub-0157_ses-01_T1w,1
sub-0158_ses-01_T1w,1
sub-0159_ses-01_T1w,2
sub-0160_ses-01_T1w,1
sub-0160_ses-02_T1w,1
sub-0161_ses-01_T1w,2
sub-0161_ses-02_T1w,2
sub-0162_ses-01_T1w,1
sub-0163_ses-01_T1w,2
sub-0164_ses-01_T1w,2
sub-0165_ses-01_T1w,2
sub-0166_ses-01_T1w,1
sub-0167_ses-01_T1w,2
sub-0168_ses-01_T1w,1
sub-0169_ses-01_T1w,2
sub-0170_ses-01_T1w,1
sub-0171_ses-01_T1w,1
sub-0172_ses-01_T1w,1
sub-0173_ses-01_T1w,1
sub-0174_ses-01_T1w,2
sub-0175_ses-01_T1w,1
sub-0175_ses-02_T1w,1
sub-0176_ses-01_T1w,1
sub-0177_ses-01_T1w,1
sub-0178_ses-01_T1w,1
sub-0179_ses-01_T1w,2
sub-0180_ses-01_T1w,1
sub-0181_ses-01_T1w,1
sub-0182_ses-01_T1w,2
sub-0183_ses-01_T1w,2
sub-0184_ses-01_T1w,2
sub-0185_ses-01_T1w,2
sub-0186_ses-01_T1w,1
sub-0187_ses-01_T1w,1
sub-0188_ses-01_T1w,2
sub-0189_ses-01_T1w,1
sub-0190_ses-01_T1w,2
sub-0191_ses-01_T1w,1
sub-0192_ses-01_T1w,2
sub-0193_ses-01_T1w,1
sub-0194_ses-01_T1w,2
sub-0195_ses-01_T1w,1
sub-0196_ses-01_T1w,1
sub-0197_ses-01_T1w,1
sub-0198_ses-01_T1w,1
sub-0199_ses-01_T1w,2
sub-0200_ses-01_T1w,1
sub-0201_ses-01_T1w,1
sub-0201_ses-02_T1w,1
sub-0202_ses-01_T1w,1
sub-0203_ses-01_T1w,1
sub-0204_ses-01_T1w,1
sub-0205_ses-01_T1w,1
sub-0206_ses-01_T1w,1
sub-0207_ses-01_T1w,1
sub-0208_ses-01_T1w,2
sub-0209_ses-01_T1w,1
sub-0210_ses-01_T1w,1
sub-0211_ses-01_T1w,1
sub-0212_ses-01_T1w,1
sub-0213_ses-01_T1w,2
sub-0214_ses-01_T1w,1
sub-0215_ses-01_T1w,1
sub-0216_ses-01_T1w,1
sub-0217_ses-01_T1w,2
sub-0218_ses-01_T1w,2
sub-0219_ses-01_T1w,2
sub-0220_ses-01_T1w,1
sub-0221_ses-01_T1w,1
sub-0222_ses-01_T1w,2
sub-0223_ses-01_T1w,1
sub-0224_ses-01_T1w,1
sub-0225_ses-01_T1w,1
sub-0226_ses-01_T1w,2
sub-0227_ses-01_T1w,1
sub-0228_ses-01_T1w,1
sub-0229_ses-01_T1w,2
sub-0230_ses-01_T1w,1
sub-0231_ses-01_T1w,1
sub-0232_ses-01_T1w,1
sub-0233_ses-01_T1w,2
sub-0234_ses-01_T1w,2
sub-0235_ses-01_T1w,2
sub-0236_ses-01_T1w,1
sub-0237_ses-01_T1w,1
sub-0238_ses-01_T1w,1
sub-0238_ses-02_T1w,1
sub-0239_ses-01_T1w,1
sub-0240_ses-01_T1w,1
sub-0241_ses-01_T1w,2
sub-0242_ses-01_T1w,2
sub-0243_ses-01_T1w,1
sub-0244_ses-01_T1w,1
sub-0245_ses-01_T1w,1
sub-0246_ses-01_T1w,1
sub-0247_ses-01_T1w,1
sub-0248_ses-01_T1w,2
sub-0249_ses-01_T1w,1
sub-0250_ses-01_T1w,1
sub-0251_ses-01_T1w,1
sub-0252_ses-01_T1w,1
sub-0253_ses-01_T1w,1
sub-0254_ses-01_T1w,1
sub-0255_ses-01_T1w,1
sub-0256_ses-01_T1w,1
sub-0257_ses-01_T1w,1
sub-0258_ses-01_T1w,1
sub-0259_ses-01_T1w,1
sub-0260_ses-01_T1w,1
sub-0261_ses-01_T1w,1
sub-0261_ses-02_T1w,1
sub-0262_ses-01_T1w,2
sub-0263_ses-01_T1w,1
sub-0264_ses-01_T1w,1
sub-0265_ses-01_T1w,1
sub-0266_ses-01_T1w,2
sub-0267_ses-01_T1w,2
sub-0268_ses-01_T1w,1
sub-0269_ses-01_T1w,2
sub-0269_ses-02_T1w,1
sub-0270_ses-01_T1w,2
sub-0270_ses-02_T1w,1
sub-0271_ses-01_T1w,1
sub-0272_ses-01_T1w,1
sub-0273_ses-01_T1w,2
sub-0274_ses-01_T1w,2
sub-0275_ses-01_T1w,1
sub-0275_ses-02_T1w,2
sub-0276_ses-01_T1w,1
sub-0277_ses-01_T1w,1
sub-0278_ses-01_T1w,1
sub-0279_ses-01_T1w,1
sub-0280_ses-01_T1w,1
sub-0281_ses-01_T1w,1
sub-0282_ses-01_T1w,1
sub-0283_ses-01_T1w,2
sub-0284_ses-01_T1w,3
sub-0285_ses-01_T1w,1
sub-0286_ses-01_T1w,2
sub-0287_ses-01_T1w,1
sub-0288_ses-01_T1w,2
sub-0289_ses-01_T1w,1
sub-0290_ses-01_T1w,1
sub-0291_ses-01_T1w,1
sub-0292_ses-01_T1w,1
sub-0293_ses-01_T1w,2
sub-0294_ses-01_T1w,1
sub-0295_ses-01_T1w,1
sub-0296_ses-01_T1w,1
sub-0297_ses-01_T1w,1
sub-0298_ses-01_T1w,2
sub-0299_ses-01_T1w,1
sub-0300_ses-01_T1w,1
sub-0301_ses-01_T1w,1
sub-0302_ses-01_T1w,1
sub-0303_ses-01_T1w,1
sub-0304_ses-01_T1w,1
sub-0305_ses-01_T1w,1
sub-0306_ses-01_T1w,1
sub-0307_ses-01_T1w,2
sub-0308_ses-01_T1w,1
sub-0309_ses-01_T1w,1
sub-0310_ses-01_T1w,2
sub-0311_ses-01_T1w,1
sub-0312_ses-01_T1w,1
sub-0313_ses-01_T1w,2
sub-0314_ses-01_T1w,1
sub-0315_ses-01_T1w,1
sub-0316_ses-01_T1w,1
sub-0317_ses-01_T1w,1
sub-0318_ses-01_T1w,2
sub-0319_ses-01_T1w,1
sub-0320_ses-01_T1w,1
sub-0321_ses-01_T1w,3
sub-0322_ses-01_T1w,1
sub-0323_ses-01_T1w,1
sub-0324_ses-01_T1w,1
sub-0325_ses-01_T1w,1
sub-0326_ses-01_T1w,1
sub-0327_ses-01_T1w,1
sub-0328_ses-01_T1w,1
sub-0329_ses-01_T1w,1
sub-0330_ses-01_T1w,1
sub-0331_ses-01_T1w,2
sub-0332_ses-01_T1w,1
sub-0333_ses-01_T1w,1
sub-0334_ses-01_T1w,2
sub-0335_ses-01_T1w,1
sub-0336_ses-01_T1w,1
sub-0337_ses-01_T1w,1
sub-0338_ses-01_T1w,1
sub-0338_ses-02_T1w,2
sub-0339_ses-01_T1w,1
sub-0340_ses-01_T1w,1
sub-0341_ses-01_T1w,1
sub-0342_ses-01_T1w,1
sub-0343_ses-01_T1w,2
sub-0344_ses-01_T1w,1
sub-0345_ses-01_T1w,1
sub-0346_ses-01_T1w,1
sub-0347_ses-01_T1w,1
sub-0348_ses-01_T1w,1
sub-0349_ses-01_T1w,1
sub-0350_ses-01_T1w,1
sub-0351_ses-01_T1w,2
sub-0352_ses-01_T1w,2
sub-0353_ses-01_T1w,1
sub-0354_ses-01_T1w,1
sub-0355_ses-01_T1w,1
sub-0356_ses-01_T1w,1
sub-0357_ses-01_T1w,1
sub-0358_ses-01_T1w,1
sub-0359_ses-01_T1w,1
sub-0360_ses-01_T1w,1
sub-0360_ses-02_T1w,1
sub-0361_ses-01_T1w,1
sub-0362_ses-01_T1w,2
sub-0363_ses-01_T1w,1
sub-0364_ses-01_T1w,1
sub-0365_ses-01_T1w,1
sub-0366_ses-01_T1w,1
sub-0367_ses-01_T1w,2
sub-0368_ses-01_T1w,1
sub-0369_ses-01_T1w,1
sub-0370_ses-01_T1w,1
sub-0371_ses-01_T1w,1
sub-0372_ses-01_T1w,1
sub-0373_ses-01_T1w,1
sub-0374_ses-01_T1w,1
sub-0375_ses-01_T1w,2
sub-0376_ses-01_T1w,2
sub-0377_ses-01_T1w,1
sub-0378_ses-01_T1w,1
sub-0379_ses-01_T1w,1
sub-0380_ses-01_T1w,1
sub-0381_ses-01_T1w,1
sub-0382_ses-01_T1w,2
sub-0383_ses-01_T1w,1
sub-0384_ses-01_T1w,1
sub-0385_ses-01_T1w,2
sub-0386_ses-01_T1w,2
sub-0387_ses-01_T1w,2
sub-0387_ses-02_T1w,1
sub-0388_ses-01_T1w,1
sub-0389_ses-01_T1w,1
sub-0389_ses-02_T1w,1
sub-0390_ses-01_T1w,1
sub-0391_ses-01_T1w,1
sub-0392_ses-01_T1w,1
sub-0393_ses-01_T1w,2
sub-0394_ses-01_T1w,1
sub-0395_ses-01_T1w,1
sub-0396_ses-01_T1w,1
sub-0397_ses-01_T1w,1
sub-0398_ses-01_T1w,1
sub-0399_ses-01_T1w,2
sub-0400_ses-01_T1w,1
sub-0401_ses-01_T1w,2
sub-0402_ses-01_T1w,2
sub-0403_ses-01_T1w,1
sub-0404_ses-01_T1w,1
sub-0405_ses-01_T1w,1
sub-0406_ses-01_T1w,1
sub-0407_ses-01_T1w,1
sub-0408_ses-01_T1w,1
sub-0409_ses-01_T1w,2
sub-0410_ses-01_T1w,1
sub-0411_ses-01_T1w,2
sub-0412_ses-01_T1w,1
sub-0413_ses-01_T1w,1
sub-0414_ses-01_T1w,1
sub-0415_ses-01_T1w,1
sub-0416_ses-01_T1w,2
sub-0417_ses-01_T1w,2
sub-0418_ses-01_T1w,1
sub-0419_ses-01_T1w,2
sub-0420_ses-01_T1w,1
sub-0421_ses-01_T1w,2
sub-0422_ses-01_T1w,3
sub-0423_ses-01_T1w,1
sub-0424_ses-01_T1w,2
sub-0425_ses-01_T1w,1
sub-0426_ses-01_T1w,2
sub-0427_ses-01_T1w,1
sub-0428_ses-01_T1w,1
sub-0429_ses-01_T1w,1
sub-0430_ses-01_T1w,1
sub-0431_ses-01_T1w,2
sub-0432_ses-01_T1w,1
sub-0433_ses-01_T1w,1
sub-0434_ses-01_T1w,1
sub-0435_ses-01_T1w,1
sub-0436_ses-01_T1w,1
sub-0437_ses-01_T1w,1
sub-0438_ses-01_T1w,1
sub-0439_ses-01_T1w,1
sub-0440_ses-01_T1w,2
sub-0441_ses-01_T1w,2
sub-0442_ses-01_T1w,3
sub-0443_ses-01_T1w,2
sub-0444_ses-01_T1w,2
sub-0445_ses-01_T1w,1
sub-0446_ses-01_T1w,1
sub-0447_ses-01_T1w,2
sub-0448_ses-01_T1w,1
sub-0449_ses-01_T1w,1
sub-0450_ses-01_T1w,1
sub-0451_ses-01_T1w,1
sub-0452_ses-01_T1w,1
sub-0453_ses-01_T1w,2
sub-0454_ses-01_T1w,1
sub-0455_ses-01_T1w,1
sub-0456_ses-01_T1w,1
sub-0457_ses-01_T1w,3
sub-0458_ses-01_T1w,1
sub-0459_ses-01_T1w,1
sub-0460_ses-01_T1w,1
sub-0461_ses-01_T1w,2
sub-0462_ses-01_T1w,1
sub-0463_ses-01_T1w,2
sub-0464_ses-01_T1w,1
sub-0464_ses-02_T1w,1
sub-0465_ses-01_T1w,1
sub-0466_ses-01_T1w,1
sub-0467_ses-01_T1w,1
sub-0468_ses-01_T1w,1
sub-0469_ses-01_T1w,2
sub-0470_ses-01_T1w,1
sub-0471_ses-01_T1w,2
sub-0472_ses-01_T1w,1
sub-0473_ses-01_T1w,1
sub-0474_ses-01_T1w,1
sub-0475_ses-01_T1w,2
sub-0476_ses-01_T1w,1
sub-0477_ses-01_T1w,2
sub-0478_ses-01_T1w,1
sub-0479_ses-01_T1w,1
sub-0480_ses-01_T1w,1
sub-0481_ses-01_T1w,1
sub-0482_ses-01_T1w,1
sub-0483_ses-01_T1w,1
sub-0484_ses-01_T1w,2
sub-0485_ses-01_T1w,3
sub-0486_ses-01_T1w,1
sub-0487_ses-01_T1w,1
sub-0488_ses-01_T1w,1
sub-0489_ses-01_T1w,1
sub-0490_ses-01_T1w,2
sub-0491_ses-01_T1w,1
sub-0492_ses-01_T1w,1
sub-0493_ses-01_T1w,1
sub-0494_ses-01_T1w,1
sub-0495_ses-01_T1w,2
sub-0495_ses-02_T1w,2
sub-0496_ses-01_T1w,2
sub-0497_ses-01_T1w,1
sub-0498_ses-01_T1w,1
sub-0499_ses-01_T1w,1
sub-0500_ses-01_T1w,2
sub-0501_ses-01_T1w,1
sub-0502_ses-01_T1w,1
sub-0503_ses-01_T1w,1
sub-0504_ses-01_T1w,1
sub-0505_ses-01_T1w,2
sub-0506_ses-01_T1w,1
sub-0507_ses-01_T1w,1
sub-0507_ses-02_T1w,1
sub-0508_ses-01_T1w,1
sub-0509_ses-01_T1w,1
sub-0510_ses-01_T1w,1
sub-0511_ses-01_T1w,1
sub-0512_ses-01_T1w,1
sub-0513_ses-01_T1w,1
sub-0514_ses-01_T1w,1
sub-0515_ses-01_T1w,1
sub-0516_ses-01_T1w,1
sub-0517_ses-01_T1w,1
sub-0518_ses-01_T1w,2
sub-0519_ses-01_T1w,1
sub-0519_ses-02_T1w,1
sub-0520_ses-01_T1w,1
sub-0521_ses-01_T1w,2
sub-0522_ses-01_T1w,1
sub-0523_ses-01_T1w,1
sub-0524_ses-01_T1w,2
sub-0525_ses-01_T1w,2
sub-0526_ses-01_T1w,1
sub-0527_ses-01_T1w,1
sub-0528_ses-01_T1w,1
sub-0529_ses-01_T1w,2
sub-0530_ses-01_T1w,2
sub-0531_ses-01_T1w,2
sub-0532_ses-01_T1w,1
sub-0533_ses-01_T1w,1
sub-0534_ses-01_T1w,2
sub-0535_ses-01_T1w,1
sub-0536_ses-01_T1w,2
sub-0537_ses-01_T1w,1
sub-0538_ses-01_T1w,1
sub-0539_ses-01_T1w,1
sub-0540_ses-01_T1w,1
sub-0541_ses-01_T1w,1
sub-0542_ses-01_T1w,1
sub-0542_ses-02_T1w,1
sub-0543_ses-01_T1w,1
sub-0544_ses-01_T1w,1
sub-0545_ses-01_T1w,2
sub-0546_ses-01_T1w,1
sub-0547_ses-01_T1w,2
sub-0548_ses-01_T1w,1
sub-0549_ses-01_T1w,2
sub-0550_ses-01_T1w,2
sub-0551_ses-01_T1w,2
sub-0552_ses-01_T1w,1
sub-0553_ses-01_T1w,2
sub-0554_ses-01_T1w,1
sub-0555_ses-01_T1w,1
sub-0556_ses-01_T1w,1
sub-0557_ses-01_T1w,1
sub-0558_ses-01_T1w,1
sub-0559_ses-01_T1w,1
sub-0560_ses-01_T1w,1
sub-0561_ses-01_T1w,1
sub-0562_ses-01_T1w,2
sub-0563_ses-01_T1w,1
sub-0564_ses-01_T1w,2
sub-0565_ses-01_T1w,2
sub-0566_ses-01_T1w,1
sub-0567_ses-01_T1w,1
sub-0568_ses-01_T1w,1
sub-0569_ses-01_T1w,2
sub-0570_ses-01_T1w,3
sub-0571_ses-01_T1w,1
sub-0572_ses-01_T1w,1
sub-0573_ses-01_T1w,1
sub-0574_ses-01_T1w,1
sub-0575_ses-01_T1w,1
sub-0576_ses-01_T1w,2
sub-0577_ses-01_T1w,2
sub-0578_ses-01_T1w,1
sub-0579_ses-01_T1w,1
sub-0580_ses-01_T1w,1
sub-0581_ses-01_T1w,1
sub-0582_ses-01_T1w,1
sub-0582_ses-02_T1w,1
sub-0583_ses-01_T1w,1
sub-0584_ses-01_T1w,1
sub-0585_ses-01_T1w,1
sub-0586_ses-01_T1w,1
sub-0587_ses-01_T1w,2
sub-0588_ses-01_T1w,1
sub-0589_ses-01_T1w,2
sub-0590_ses-01_T1w,1
sub-0591_ses-01_T1w,1
sub-0592_ses-01_T1w,2
sub-0593_ses-01_T1w,1
sub-0594_ses-01_T1w,2
sub-0595_ses-01_T1w,1
sub-0596_ses-01_T1w,2
sub-0597_ses-01_T1w,1
sub-0598_ses-01_T1w,1
sub-0599_ses-01_T1w,1
sub-0600_ses-01_T1w,1
sub-0601_ses-01_T1w,1
sub-0602_ses-01_T1w,1
sub-0603_ses-01_T1w,1
sub-0604_ses-01_T1w,1
sub-0605_ses-01_T1w,1
sub-0606_ses-01_T1w,1
sub-0607_ses-01_T1w,2
sub-0608_ses-01_T1w,1
sub-0608_ses-02_T1w,1
sub-0609_ses-01_T1w,1
sub-0610_ses-01_T1w,2
sub-0611_ses-01_T1w,2
sub-0612_ses-01_T1w,1
sub-0613_ses-01_T1w,1
sub-0614_ses-01_T1w,1
sub-0615_ses-01_T1w,1
sub-0616_ses-01_T1w,1
sub-0617_ses-01_T1w,2
sub-0618_ses-01_T1w,1
sub-0619_ses-01_T1w,1
sub-0620_ses-01_T1w,1
sub-0621_ses-01_T1w,1
sub-0622_ses-01_T1w,1
sub-0623_ses-01_T1w,2
sub-0624_ses-01_T1w,1
sub-0625_ses-01_T1w,1
sub-0626_ses-01_T1w,1
sub-0627_ses-01_T1w,1
sub-0628_ses-01_T1w,2
sub-0629_ses-01_T1w,2
sub-0630_ses-01_T1w,1
sub-0631_ses-01_T1w,1
sub-0632_ses-01_T1w,1
sub-0633_ses-01_T1w,2
sub-0634_ses-01_T1w,1
sub-0635_ses-01_T1w,1
sub-0636_ses-01_T1w,1
sub-0637_ses-01_T1w,2
sub-0638_ses-01_T1w,1
sub-0639_ses-01_T1w,1
sub-0640_ses-01_T1w,1
sub-0641_ses-01_T1w,2
sub-0642_ses-01_T1w,1
sub-0643_ses-01_T1w,2
sub-0644_ses-01_T1w,1
sub-0645_ses-01_T1w,1
sub-0646_ses-01_T1w,1
sub-0647_ses-01_T1w,1
sub-0648_ses-01_T1w,1
sub-0648_ses-02_T1w,1
sub-0649_ses-01_T1w,1
sub-0650_ses-01_T1w,1
sub-0651_ses-01_T1w,1
sub-0652_ses-01_T1w,1
sub-0653_ses-01_T1w,1
sub-0654_ses-01_T1w,1
sub-0655_ses-01_T1w,1
sub-0656_ses-01_T1w,1
sub-0656_ses-02_T1w,2
sub-0657_ses-01_T1w,1
sub-0658_ses-01_T1w,1
sub-0659_ses-01_T1w,1
sub-0660_ses-01_T1w,1
sub-0661_ses-01_T1w,2
sub-0662_ses-01_T1w,1
sub-0663_ses-01_T1w,1
sub-0664_ses-01_T1w,1
sub-0665_ses-01_T1w,1
sub-0665_ses-02_T1w,1
sub-0666_ses-01_T1w,1
sub-0667_ses-01_T1w,1
sub-0668_ses-01_T1w,1
sub-0669_ses-01_T1w,2
sub-0670_ses-01_T1w,3
sub-0671_ses-01_T1w,1
sub-0672_ses-01_T1w,1
sub-0673_ses-01_T1w,2
sub-0674_ses-01_T1w,2
sub-0675_ses-01_T1w,1
sub-0676_ses-01_T1w,2
sub-0677_ses-01_T1w,3
sub-0678_ses-01_T1w,2
sub-0679_ses-01_T1w,2
sub-0679_ses-02_T1w,2
sub-0680_ses-01_T1w,1
sub-0681_ses-01_T1w,1
sub-0682_ses-01_T1w,1
sub-0683_ses-01_T1w,1
sub-0684_ses-01_T1w,1
sub-0685_ses-01_T1w,1
sub-0686_ses-01_T1w,2
sub-0687_ses-01_T1w,1
sub-0688_ses-01_T1w,1
sub-0689_ses-01_T1w,2
sub-0690_ses-01_T1w,1
sub-0691_ses-01_T1w,2
sub-0692_ses-01_T1w,1
sub-0693_ses-01_T1w,3
sub-0694_ses-01_T1w,1
sub-0695_ses-01_T1w,2
sub-0696_ses-01_T1w,2
sub-0697_ses-01_T1w,1
sub-0698_ses-01_T1w,1
sub-0699_ses-01_T1w,1
sub-0700_ses-01_T1w,1
sub-0701_ses-01_T1w,1
sub-0702_ses-01_T1w,2
sub-0703_ses-01_T1w,1
sub-0704_ses-01_T1w,2
sub-0705_ses-01_T1w,1
sub-0706_ses-01_T1w,1
sub-0707_ses-01_T1w,1
sub-0708_ses-01_T1w,1
sub-0709_ses-01_T1w,1
sub-0710_ses-01_T1w,2
sub-0711_ses-01_T1w,2
sub-0712_ses-01_T1w,1
sub-0713_ses-01_T1w,1
sub-0714_ses-01_T1w,1
sub-0715_ses-01_T1w,1
sub-0716_ses-01_T1w,2
sub-0717_ses-01_T1w,2
sub-0718_ses-01_T1w,1
sub-0719_ses-01_T1w,2
sub-0720_ses-01_T1w,1
sub-0721_ses-01_T1w,1
sub-0722_ses-01_T1w,1
sub-0723_ses-01_T1w,1
sub-0724_ses-01_T1w,1
sub-0725_ses-01_T1w,1
sub-0726_ses-01_T1w,1
sub-0727_ses-01_T1w,1
sub-0728_ses-01_T1w,1
sub-0729_ses-01_T1w,1
sub-0730_ses-01_T1w,2
sub-0731_ses-01_T1w,1
sub-0732_ses-01_T1w,1
sub-0733_ses-01_T1w,1
sub-0734_ses-01_T1w,2
sub-0735_ses-01_T1w,2
sub-0736_ses-01_T1w,1
sub-0737_ses-01_T1w,1
sub-0738_ses-01_T1w,1
sub-0739_ses-01_T1w,1
sub-0740_ses-01_T1w,2
sub-0741_ses-01_T1w,2
sub-0742_ses-01_T1w,1
sub-0743_ses-01_T1w,1
sub-0744_ses-01_T1w,1
sub-0745_ses-01_T1w,1
sub-0746_ses-01_T1w,1
sub-0747_ses-01_T1w,2
sub-0748_ses-01_T1w,1
sub-0749_ses-01_T1w,2
sub-0750_ses-01_T1w,2
sub-0750_ses-02_T1w,1
sub-0751_ses-01_T1w,1
sub-0752_ses-01_T1w,3
sub-0753_ses-01_T1w,1
sub-0754_ses-01_T1w,1
sub-0755_ses-01_T1w,2
sub-0756_ses-01_T1w,1
sub-0757_ses-01_T1w,2
sub-0758_ses-01_T1w,3
sub-0759_ses-01_T1w,2
sub-0760_ses-01_T1w,1
sub-0761_ses-01_T1w,1
sub-0762_ses-01_T1w,1
sub-0763_ses-01_T1w,2
sub-0764_ses-01_T1w,2
sub-0765_ses-01_T1w,3
sub-0766_ses-01_T1w,1
sub-0767_ses-01_T1w,1
sub-0768_ses-01_T1w,2
sub-0769_ses-01_T1w,1
sub-0770_ses-01_T1w,2
sub-0771_ses-01_T1w,1
sub-0772_ses-01_T1w,2
sub-0773_ses-01_T1w,1
sub-0774_ses-01_T1w,1
sub-0775_ses-01_T1w,1
sub-0776_ses-01_T1w,2
sub-0777_ses-01_T1w,1
sub-0778_ses-01_T1w,1
sub-0779_ses-01_T1w,1
sub-0780_ses-01_T1w,1
sub-0781_ses-01_T1w,1
sub-0782_ses-01_T1w,1
sub-0783_ses-01_T1w,2
sub-0784_ses-01_T1w,2
sub-0785_ses-01_T1w,1
sub-0786_ses-01_T1w,1
sub-0787_ses-01_T1w,1
sub-0788_ses-01_T1w,2
sub-0789_ses-01_T1w,1
sub-0789_ses-02_T1w,2
sub-0790_ses-01_T1w,1
sub-0791_ses-01_T1w,2
sub-0792_ses-01_T1w,2
sub-0793_ses-01_T1w,2
sub-0794_ses-01_T1w,1
sub-0795_ses-01_T1w,1
sub-0796_ses-01_T1w,1
sub-0797_ses-01_T1w,1
sub-0798_ses-01_T1w,1
sub-0799_ses-01_T1w,1
sub-0799_ses-02_T1w,1
sub-0800_ses-01_T1w,1
sub-0801_ses-01_T1w,1
sub-0802_ses-01_T1w,1
sub-0803_ses-01_T1w,1
sub-0804_ses-01_T1w,1
sub-0805_ses-01_T1w,1
sub-0806_ses-01_T1w,1
sub-0807_ses-01_T1w,3
sub-0808_ses-01_T1w,1
sub-0809_ses-01_T1w,2
sub-0810_ses-01_T1w,2
sub-0811_ses-01_T1w,1
sub-0811_ses-02_T1w,1
sub-0812_ses-01_T1w,1
sub-0813_ses-01_T1w,1
sub-0814_ses-01_T1w,1
sub-0815_ses-01_T1w,1
sub-0816_ses-01_T1w,1
sub-0817_ses-01_T1w,1
sub-0818_ses-01_T1w,1
sub-0819_ses-01_T1w,1
sub-0820_ses-01_T1w,1
sub-0821_ses-01_T1w,2
sub-0822_ses-01_T1w,1
sub-0823_ses-01_T1w,2
sub-0824_ses-01_T1w,1
sub-0824_ses-02_T1w,2
sub-0825_ses-01_T1w,2
sub-0826_ses-01_T1w,1
sub-0827_ses-01_T1w,3
sub-0828_ses-01_T1w,1
sub-0829_ses-01_T1w,1
sub-0830_ses-01_T1w,2
sub-0831_ses-01_T1w,1
sub-0832_ses-01_T1w,1
sub-0833_ses-01_T1w,1
sub-0834_ses-01_T1w,1
sub-0835_ses-01_T1w,2
sub-0836_ses-01_T1w,1
sub-0837_ses-01_T1w,1
sub-0838_ses-01_T1w,1
sub-0839_ses-01_T1w,1
sub-0840_ses-01_T1w,1
sub-0841_ses-01_T1w,2
sub-0842_ses-01_T1w,2
sub-0843_ses-01_T1w,2
sub-0844_ses-01_T1w,1
sub-0845_ses-01_T1w,1
sub-0846_ses-01_T1w,1
sub-0847_ses-01_T1w,1
sub-0848_ses-01_T1w,2
sub-0849_ses-01_T1w,2
sub-0849_ses-02_T1w,2
sub-0850_ses-01_T1w,3
sub-0851_ses-01_T1w,1
sub-0852_ses-01_T1w,1
sub-0853_ses-01_T1w,3
sub-0854_ses-01_T1w,1
sub-0855_ses-01_T1w,1
sub-0856_ses-01_T1w,1
sub-0857_ses-01_T1w,1
sub-0858_ses-01_T1w,2
sub-0859_ses-01_T1w,1
sub-0860_ses-01_T1w,1
sub-0861_ses-01_T1w,1
sub-0862_ses-01_T1w,1
sub-0863_ses-01_T1w,1
sub-0864_ses-01_T1w,1
sub-0865_ses-01_T1w,1
sub-0866_ses-01_T1w,1
sub-0867_ses-01_T1w,1
sub-0868_ses-01_T1w,1
sub-0869_ses-01_T1w,1
sub-0870_ses-01_T1w,1
sub-0871_ses-01_T1w,1
sub-0872_ses-01_T1w,1
sub-0873_ses-01_T1w,2
sub-0874_ses-01_T1w,1
sub-0875_ses-01_T1w,1
sub-0876_ses-01_T1w,1
sub-0877_ses-01_T1w,2
sub-0878_ses-01_T1w,1
sub-0879_ses-01_T1w,1
sub-0880_ses-01_T1w,1
sub-0881_ses-01_T1w,1
sub-0882_ses-01_T1w,1
sub-0882_ses-02_T1w,2
sub-0883_ses-01_T1w,1
sub-0884_ses-01_T1w,1
sub-0885_ses-01_T1w,2
sub-0886_ses-01_T1w,3
sub-0887_ses-01_T1w,2
sub-0888_ses-01_T1w,1
sub-0889_ses-01_T1w,1
sub-0890_ses-01_T1w,2
sub-0891_ses-01_T1w,1
sub-0892_ses-01_T1w,1
sub-0893_ses-01_T1w,3
sub-0894_ses-01_T1w,1
sub-0895_ses-01_T1w,1
sub-0896_ses-01_T1w,2
sub-0897_ses-01_T1w,2
sub-0898_ses-01_T1w,1
sub-0899_ses-01_T1w,2
sub-0900_ses-01_T1w,3
sub-0901_ses-01_T1w,1
sub-0902_ses-01_T1w,1
sub-0903_ses-01_T1w,1
sub-0904_ses-01_T1w,1
sub-0904_ses-02_T1w,1
sub-0905_ses-01_T1w,2
sub-0906_ses-01_T1w,1
sub-0907_ses-01_T1w,2
sub-0908_ses-01_T1w,1
sub-0909_ses-01_T1w,2
sub-0910_ses-01_T1w,2
sub-0911_ses-01_T1w,1
sub-0912_ses-01_T1w,2
sub-0913_ses-01_T1w,2
sub-0914_ses-01_T1w,1
sub-0915_ses-01_T1w,1
sub-0916_ses-01_T1w,1
sub-0917_ses-01_T1w,1
sub-0918_ses-01_T1w,1
sub-0919_ses-01_T1w,1
sub-0920_ses-01_T1w,1
sub-0921_ses-01_T1w,3
sub-0922_ses-01_T1w,1
sub-0923_ses-01_T1w,1
sub-0924_ses-01_T1w,1
sub-0925_ses-01_T1w,1
sub-0926_ses-01_T1w,1
sub-0927_ses-01_T1w,1
sub-0928_ses-01_T1w,2
sub-0929_ses-01_T1w,1
sub-0930_ses-01_T1w,2
sub-0931_ses-01_T1w,1
sub-0932_ses-01_T1w,3
sub-0933_ses-01_T1w,2
sub-0934_ses-01_T1w,1
sub-0935_ses-01_T1w,1
sub-0936_ses-01_T1w,1
sub-0937_ses-01_T1w,1
sub-0938_ses-01_T1w,2
sub-0939_ses-01_T1w,2
sub-0940_ses-01_T1w,1
sub-0941_ses-01_T1w,2
sub-0942_ses-01_T1w,2
sub-0942_ses-02_T1w,2
sub-0943_ses-01_T1w,1
sub-0944_ses-01_T1w,1
sub-0945_ses-01_T1w,2
sub-0946_ses-01_T1w,2
sub-0946_ses-02_T1w,3
sub-0947_ses-01_T1w,1
sub-0947_ses-02_T1w,1
sub-0948_ses-01_T1w,2
sub-0949_ses-01_T1w,2
sub-0950_ses-01_T1w,1
sub-0951_ses-01_T1w,1
sub-0952_ses-01_T1w,1
sub-0953_ses-01_T1w,1
sub-0954_ses-01_T1w,1
sub-0955_ses-01_T1w,1
sub-0955_ses-02_T1w,2
sub-0956_ses-01_T1w,2
sub-0957_ses-01_T1w,2
sub-0957_ses-02_T1w,2
sub-0958_ses-01_T1w,2
sub-0959_ses-01_T1w,2
sub-0960_ses-01_T1w,1
sub-0961_ses-01_T1w,2
sub-0962_ses-01_T1w,2
sub-0963_ses-01_T1w,1
sub-0964_ses-01_T1w,1
sub-0965_ses-01_T1w,2
sub-0966_ses-01_T1w,1
sub-0966_ses-02_T1w,2
sub-0967_ses-01_T1w,1
sub-0968_ses-01_T1w,1
sub-0969_ses-01_T1w,2
sub-0970_ses-01_T1w,1
sub-0971_ses-01_T1w,2
sub-0972_ses-01_T1w,1
sub-0973_ses-01_T1w,1
sub-0974_ses-01_T1w,1
sub-0975_ses-01_T1w,2
sub-0976_ses-01_T1w,2
sub-0977_ses-01_T1w,1
sub-0978_ses-01_T1w,3
sub-0979_ses-01_T1w,2
sub-0980_ses-01_T1w,1
sub-0981_ses-01_T1w,1
sub-0982_ses-01_T1w,1
sub-0982_ses-02_T1w,2
sub-0983_ses-01_T1w,2
sub-0984_ses-01_T1w,2
sub-0985_ses-01_T1w,1
sub-0986_ses-01_T1w,2
sub-0987_ses-01_T1w,1
sub-0988_ses-01_T1w,2
sub-0989_ses-01_T1w,1
sub-0990_ses-01_T1w,1
sub-0991_ses-01_T1w,2
sub-0992_ses-01_T1w,1
sub-0993_ses-01_T1w,1
sub-0994_ses-01_T1w,1
sub-0995_ses-01_T1w,2
sub-0996_ses-01_T1w,2
sub-0997_ses-01_T1w,1
sub-0998_ses-01_T1w,1
sub-0999_ses-01_T1w,2
sub-1000_ses-01_T1w,1
sub-1001_ses-01_T1w,1
sub-1002_ses-01_T1w,1
sub-1003_ses-01_T1w,1
sub-1004_ses-01_T1w,2
sub-1005_ses-01_T1w,1
sub-1006_ses-01_T1w,2
sub-1007_ses-01_T1w,1
sub-1008_ses-01_T1w,2
sub-1009_ses-01_T1w,2
sub-1010_ses-01_T1w,1
sub-1011_ses-01_T1w,2
sub-1012_ses-01_T1w,2
sub-1013_ses-01_T1w,1
sub-1014_ses-01_T1w,1
sub-1015_ses-01_T1w,1
sub-1016_ses-01_T1w,2
sub-1017_ses-01_T1w,2
sub-1018_ses-01_T1w,1
sub-1019_ses-01_T1w,2
sub-1020_ses-01_T1w,2
sub-1021_ses-01_T1w,2
sub-1022_ses-01_T1w,1
sub-1023_ses-01_T1w,1
sub-1024_ses-01_T1w,1
sub-1025_ses-01_T1w,2
sub-1026_ses-01_T1w,1
sub-1027_ses-01_T1w,1
sub-1028_ses-01_T1w,3
sub-1029_ses-01_T1w,2
sub-1030_ses-01_T1w,2
sub-1031_ses-01_T1w,1
sub-1032_ses-01_T1w,1
sub-1033_ses-01_T1w,1
sub-1034_ses-01_T1w,1
sub-1035_ses-01_T1w,1
sub-1036_ses-01_T1w,2
sub-1037_ses-01_T1w,2
sub-1038_ses-01_T1w,3
sub-1039_ses-01_T1w,1
sub-1040_ses-01_T1w,2
sub-1041_ses-01_T1w,1
sub-1042_ses-01_T1w,1
sub-1043_ses-01_T1w,1
sub-1044_ses-01_T1w,3
sub-1045_ses-01_T1w,2
sub-1046_ses-01_T1w,2
sub-1047_ses-01_T1w,1
sub-1048_ses-01_T1w,2
sub-1049_ses-01_T1w,1
sub-1050_ses-01_T1w,1
sub-1051_ses-01_T1w,1
sub-1052_ses-01_T1w,1
sub-1053_ses-01_T1w,1
sub-1054_ses-01_T1w,1
sub-1054_ses-02_T1w,2
,2
,2
,1
,2
,2
,1
,1
,2
,1
,2
,1
,1
,2
,1
,2
,1
,1
,1
,2
,2
,1
,3
,2
,1
,1
,1
,2
,2
,2
,1
,2
,1
,2
,1
,1
,2
,1
,1
,1
,2
,2
,1
,1
,2
,1
,1
,1
,1
,2
,1
,2
,1
,2
,2
,1
,2
,2
,1
,1
,1
,2
,2
,1
,2
,2
,2
,1
,1
,1
,2
,1
,1
,3
,2
,2
,1
,1
,1
,1
,1
,2
,2
,3
,1
,2
,1
,1
,1
,3
,2
,2
,1
,2
,1
,1
,1
,1
,1
,1
,2
sub-1055_ses-01_T1w,1
sub-1056_ses-01_T1w,2
sub-1057_ses-01_T1w,2
sub-1057_ses-02_T1w,1
sub-1058_ses-01_T1w,2
sub-1059_ses-01_T1w,1
sub-1060_ses-01_T1w,2
sub-1061_ses-01_T1w,2
sub-1062_ses-01_T1w,1
sub-1063_ses-01_T1w,2
sub-1064_ses-01_T1w,1
sub-1065_ses-01_T1w,2
sub-1066_ses-01_T1w,2
sub-1067_ses-01_T1w,1
sub-1068_ses-01_T1w,2
sub-1069_ses-01_T1w,1
sub-1070_ses-01_T1w,2
sub-1071_ses-01_T1w,1
sub-1072_ses-01_T1w,4
sub-1073_ses-01_T1w,2
sub-1074_ses-01_T1w,2
sub-1075_ses-01_T1w,2
sub-1076_ses-01_T1w,1
sub-1077_ses-01_T1w,1
sub-1078_ses-01_T1w,2
sub-1079_ses-01_T1w,1
sub-1080_ses-01_T1w,1
sub-1081_ses-01_T1w,2
sub-1082_ses-01_T1w,2
sub-1083_ses-01_T1w,2
sub-1084_ses-01_T1w,1
sub-1085_ses-01_T1w,2
sub-1086_ses-01_T1w,2
sub-1086_ses-02_T1w,1
sub-1087_ses-01_T1w,2
sub-1088_ses-01_T1w,2
sub-1089_ses-01_T1w,1
sub-1090_ses-01_T1w,1
sub-1091_ses-01_T1w,1
sub-1092_ses-01_T1w,1
sub-1093_ses-01_T1w,3
sub-1094_ses-01_T1w,3
sub-1095_ses-01_T1w,2
sub-1096_ses-01_T1w,1
sub-1097_ses-01_T1w,1
sub-1098_ses-01_T1w,1
sub-1099_ses-01_T1w,1
sub-1100_ses-01_T1w,1
sub-1101_ses-01_T1w,2
sub-1102_ses-01_T1w,2
sub-1103_ses-01_T1w,1
sub-1104_ses-01_T1w,2
sub-1105_ses-01_T1w,2
sub-1106_ses-01_T1w,1
sub-1107_ses-01_T1w,1
sub-1108_ses-01_T1w,1
sub-1109_ses-01_T1w,1
sub-1110_ses-01_T1w,2
sub-1111_ses-01_T1w,1
sub-1112_ses-01_T1w,1
sub-1113_ses-01_T1w,2
sub-1114_ses-01_T1w,1
sub-1115_ses-01_T1w,1
sub-1116_ses-01_T1w,2
sub-1117_ses-01_T1w,1
sub-1118_ses-01_T1w,1
sub-1119_ses-01_T1w,2
sub-1120_ses-01_T1w,1
sub-1121_ses-01_T1w,2
sub-1122_ses-01_T1w,1
sub-1123_ses-01_T1w,3
sub-1124_ses-01_T1w,1
sub-1125_ses-01_T1w,2
sub-1126_ses-01_T1w,1
sub-1127_ses-01_T1w,2
sub-1128_ses-01_T1w,1
sub-1129_ses-01_T1w,3
sub-1130_ses-01_T1w,1
sub-1131_ses-01_T1w,1
sub-1132_ses-01_T1w,1
sub-1132_ses-02_T1w,1
sub-1133_ses-01_T1w,2
sub-1134_ses-01_T1w,1
sub-1135_ses-01_T1w,1
sub-1136_ses-01_T1w,2
sub-1137_ses-01_T1w,1
sub-1138_ses-01_T1w,2
sub-1139_ses-01_T1w,2
sub-1140_ses-01_T1w,2
sub-1141_ses-01_T1w,2
sub-1142_ses-01_T1w,1
sub-1143_ses-01_T1w,1
sub-1144_ses-01_T1w,2
sub-1145_ses-01_T1w,1
sub-1146_ses-01_T1w,1
sub-1147_ses-01_T1w,1
sub-1148_ses-01_T1w,2
sub-1149_ses-01_T1w,2
sub-1150_ses-01_T1w,1
sub-1151_ses-01_T1w,1
sub-1152_ses-01_T1w,2
sub-1153_ses-01_T1w,2
sub-1154_ses-01_T1w,1
sub-1155_ses-01_T1w,2
sub-1156_ses-01_T1w,1
sub-1157_ses-01_T1w,1
sub-1158_ses-01_T1w,2
sub-1159_ses-01_T1w,1
sub-1160_ses-01_T1w,1
sub-1161_ses-01_T1w,1
sub-1162_ses-01_T1w,1
sub-1163_ses-01_T1w,1
sub-1164_ses-01_T1w,2
sub-1165_ses-01_T1w,2
sub-1166_ses-01_T1w,2
sub-1167_ses-01_T1w,1
sub-1168_ses-01_T1w,1
sub-1169_ses-01_T1w,1
sub-1170_ses-01_T1w,1
sub-1171_ses-01_T1w,2
sub-1172_ses-01_T1w,1
sub-1173_ses-01_T1w,1
sub-1174_ses-01_T1w,1
sub-1175_ses-01_T1w,1
sub-1176_ses-01_T1w,1
sub-1177_ses-01_T1w,1
sub-1178_ses-01_T1w,2
sub-1179_ses-01_T1w,2
sub-1179_ses-02_T1w,1
sub-1180_ses-01_T1w,2
sub-1181_ses-01_T1w,1
sub-1182_ses-01_T1w,1
sub-1183_ses-01_T1w,1
sub-1184_ses-01_T1w,1
sub-1185_ses-01_T1w,2
sub-1186_ses-01_T1w,1
sub-1187_ses-01_T1w,1
sub-1188_ses-01_T1w,2
sub-1189_ses-01_T1w,1
sub-1190_ses-01_T1w,2
sub-1191_ses-01_T1w,1
sub-1192_ses-01_T1w,1
sub-1193_ses-01_T1w,2
sub-1194_ses-01_T1w,1
sub-1195_ses-01_T1w,3
sub-1196_ses-01_T1w,1
sub-1197_ses-01_T1w,3
sub-1198_ses-01_T1w,2
sub-1199_ses-01_T1w,2
sub-1200_ses-01_T1w,1
sub-1201_ses-01_T1w,1
sub-1202_ses-01_T1w,1
sub-1203_ses-01_T1w,2
sub-1204_ses-01_T1w,1
sub-1205_ses-01_T1w,1
sub-1206_ses-01_T1w,2
sub-1207_ses-01_T1w,1
sub-1208_ses-01_T1w,1
sub-1209_ses-01_T1w,2
sub-1210_ses-01_T1w,1
sub-1211_ses-01_T1w,2
sub-1212_ses-01_T1w,1
sub-1213_ses-01_T1w,1
sub-1214_ses-01_T1w,2
sub-1215_ses-01_T1w,1
sub-1216_ses-01_T1w,1
sub-1217_ses-01_T1w,1
sub-1218_ses-01_T1w,1
sub-1219_ses-01_T1w,2
sub-1220_ses-01_T1w,1
sub-1221_ses-01_T1w,2
sub-1222_ses-01_T1w,2
sub-1223_ses-01_T1w,1
sub-1224_ses-01_T1w,2
sub-1225_ses-01_T1w,1
sub-1226_ses-01_T1w,2
sub-1227_ses-01_T1w,1
sub-1228_ses-01_T1w,2
sub-1229_ses-01_T1w,2
sub-1230_ses-01_T1w,1
sub-1231_ses-01_T1w,2
sub-1232_ses-01_T1w,1
sub-1233_ses-01_T1w,2
sub-1234_ses-01_T1w,1
sub-1235_ses-01_T1w,2
sub-1236_ses-01_T1w,1
sub-1237_ses-01_T1w,1
sub-1238_ses-01_T1w,1
sub-1239_ses-01_T1w,1
sub-1240_ses-01_T1w,1
sub-1241_ses-01_T1w,1
sub-1242_ses-01_T1w,1
sub-1243_ses-01_T1w,1
sub-1244_ses-01_T1w,1
sub-1245_ses-01_T1w,2
sub-1246_ses-01_T1w,1
sub-1247_ses-01_T1w,1
sub-1248_ses-01_T1w,1
sub-1249_ses-01_T1w,2
sub-1250_ses-01_T1w,2
sub-1251_ses-01_T1w,1
sub-1252_ses-01_T1w,1
sub-1253_ses-01_T1w,1
sub-1254_ses-01_T1w,2
sub-1255_ses-01_T1w,1
sub-1256_ses-01_T1w,1
sub-1257_ses-01_T1w,1
sub-1258_ses-01_T1w,1
sub-1259_ses-01_T1w,2
sub-1260_ses-01_T1w,1
sub-1261_ses-01_T1w,1
sub-1262_ses-01_T1w,1
sub-1263_ses-01_T1w,1
sub-1264_ses-01_T1w,1
sub-1265_ses-01_T1w,1
sub-1265_ses-02_T1w,1
sub-1266_ses-01_T1w,1
sub-1267_ses-01_T1w,1
sub-1268_ses-01_T1w,1
sub-1269_ses-01_T1w,1
sub-1270_ses-01_T1w,2
sub-1270_ses-02_T1w,2
sub-1271_ses-01_T1w,1
sub-1272_ses-01_T1w,2
sub-1273_ses-01_T1w,2
sub-1274_ses-01_T1w,2
sub-1275_ses-01_T1w,1
sub-1276_ses-01_T1w,2
sub-1277_ses-01_T1w,1
sub-1278_ses-01_T1w,1
sub-1279_ses-01_T1w,1
sub-1280_ses-01_T1w,2
sub-1281_ses-01_T1w,1
sub-1282_ses-01_T1w,1
sub-1283_ses-01_T1w,1
sub-1284_ses-01_T1w,1
sub-1285_ses-01_T1w,2
sub-1286_ses-01_T1w,2
sub-1286_ses-02_T1w,2
sub-1287_ses-01_T1w,1
sub-1288_ses-01_T1w,2
sub-1289_ses-01_T1w,1
sub-1290_ses-01_T1w,1
sub-1291_ses-01_T1w,3
sub-1292_ses-01_T1w,2
sub-1293_ses-01_T1w,2
sub-1294_ses-01_T1w,3
sub-1295_ses-01_T1w,1
sub-1296_ses-01_T1w,1
sub-1297_ses-01_T1w,1
sub-1298_ses-01_T1w,2
sub-1299_ses-01_T1w,1
sub-1300_ses-01_T1w,1
sub-1301_ses-01_T1w,1
sub-1302_ses-01_T1w,1
sub-1303_ses-01_T1w,1
sub-1304_ses-01_T1w,2
sub-1305_ses-01_T1w,1
sub-1306_ses-01_T1w,1
sub-1307_ses-01_T1w,2
sub-1308_ses-01_T1w,1
sub-1309_ses-01_T1w,2
sub-1310_ses-01_T1w,2
sub-1311_ses-01_T1w,1
sub-1312_ses-01_T1w,2
sub-1313_ses-01_T1w,1
sub-1314_ses-01_T1w,1
sub-1315_ses-01_T1w,1
sub-1315_ses-02_T1w,1
sub-1316_ses-01_T1w,2
sub-1317_ses-01_T1w,1
sub-1318_ses-01_T1w,1
sub-1319_ses-01_T1w,2
sub-1320_ses-01_T1w,1
sub-1321_ses-01_T1w,1
sub-1322_ses-01_T1w,1
sub-1323_ses-01_T1w,1
sub-1324_ses-01_T1w,1
sub-1324_ses-02_T1w,2
sub-1325_ses-01_T1w,3
sub-1326_ses-01_T1w,2
sub-1326_ses-02_T1w,2
sub-1327_ses-01_T1w,3
sub-1327_ses-02_T1w,1
sub-1328_ses-01_T1w,1
sub-1328_ses-02_T1w,1
sub-1329_ses-01_T1w,1
sub-1330_ses-01_T1w,1
sub-1331_ses-01_T1w,1
sub-1332_ses-01_T1w,1
sub-1333_ses-01_T1w,1
sub-1334_ses-01_T1w,1
sub-1335_ses-01_T1w,1
sub-1336_ses-01_T1w,1
sub-1337_ses-01_T1w,2
sub-1338_ses-01_T1w,2
sub-1339_ses-01_T1w,1
sub-1340_ses-01_T1w,2
sub-1341_ses-01_T1w,1
sub-1342_ses-01_T1w,1
sub-1343_ses-01_T1w,2
sub-1344_ses-01_T1w,2
sub-1345_ses-01_T1w,1
sub-1346_ses-01_T1w,1
sub-1347_ses-01_T1w,1
sub-1348_ses-01_T1w,2
sub-1349_ses-01_T1w,1
sub-1350_ses-01_T1w,2
sub-1351_ses-01_T1w,1
sub-1352_ses-01_T1w,1
sub-1353_ses-01_T1w,3
sub-1353_ses-02_T1w,3
sub-1354_ses-01_T1w,1
sub-1355_ses-01_T1w,2
sub-1356_ses-01_T1w,1
sub-1357_ses-01_T1w,1
sub-1358_ses-01_T1w,1
sub-1359_ses-01_T1w,2
sub-1360_ses-01_T1w,2
sub-1361_ses-01_T1w,2
sub-1362_ses-01_T1w,1
sub-1363_ses-01_T1w,1
sub-1364_ses-01_T1w,1
sub-1365_ses-01_T1w,1
sub-1366_ses-01_T1w,2
sub-1367_ses-01_T1w,1
sub-1368_ses-01_T1w,2
sub-1369_ses-01_T1w,1
sub-1370_ses-01_T1w,2
sub-1371_ses-01_T1w,1
sub-1372_ses-01_T1w,1
sub-1373_ses-01_T1w,1
sub-1374_ses-01_T1w,2
sub-1375_ses-01_T1w,1
sub-1376_ses-01_T1w,1
sub-1377_ses-01_T1w,1
sub-1378_ses-01_T1w,1
sub-1379_ses-01_T1w,1
sub-1380_ses-01_T1w,1
sub-1381_ses-01_T1w,2
sub-1382_ses-01_T1w,1
sub-1383_ses-01_T1w,2
sub-1384_ses-01_T1w,1
sub-1385_ses-01_T1w,2
sub-1386_ses-01_T1w,2
sub-1387_ses-01_T1w,1
sub-1388_ses-01_T1w,1
sub-1389_ses-01_T1w,1
sub-1390_ses-01_T1w,2
sub-1391_ses-01_T1w,2
sub-1392_ses-01_T1w,3
sub-1393_ses-01_T1w,1
sub-1394_ses-01_T1w,1
sub-1395_ses-01_T1w,1
sub-1396_ses-01_T1w,1
sub-1397_ses-01_T1w,1
sub-1398_ses-01_T1w,2
sub-1399_ses-01_T1w,1
sub-1399_ses-02_T1w,1
sub-1400_ses-01_T1w,1
sub-1401_ses-01_T1w,1
sub-1402_ses-01_T1w,1
sub-1403_ses-01_T1w,1
sub-1404_ses-01_T1w,2
sub-1405_ses-01_T1w,1
sub-1406_ses-01_T1w,1
sub-1407_ses-01_T1w,1
sub-1408_ses-01_T1w,2
sub-1409_ses-01_T1w,1
sub-1410_ses-01_T1w,1
sub-1411_ses-01_T1w,1
sub-1412_ses-01_T1w,1
sub-1413_ses-01_T1w,2
sub-1414_ses-01_T1w,1
sub-1414_ses-02_T1w,1
sub-1415_ses-01_T1w,1
sub-1416_ses-01_T1w,1
sub-1417_ses-01_T1w,1
sub-1418_ses-01_T1w,2
sub-1419_ses-01_T1w,1
sub-1420_ses-01_T1w,1
sub-1420_ses-02_T1w,1
sub-1421_ses-01_T1w,1
sub-1422_ses-01_T1w,2
sub-1423_ses-01_T1w,1
sub-1424_ses-01_T1w,1
sub-1425_ses-01_T1w,1
sub-1426_ses-01_T1w,1
sub-1427_ses-01_T1w,1
sub-1428_ses-01_T1w,1
sub-1429_ses-01_T1w,1
sub-1430_ses-01_T1w,1
sub-1430_ses-02_T1w,1
sub-1431_ses-01_T1w,1
sub-1432_ses-01_T1w,2
sub-1433_ses-01_T1w,3
sub-1434_ses-01_T1w,1
sub-1435_ses-01_T1w,1
sub-1436_ses-01_T1w,1
sub-1436_ses-02_T1w,1
sub-1437_ses-01_T1w,1
sub-1438_ses-01_T1w,1
sub-1439_ses-01_T1w,1
sub-1440_ses-01_T1w,1
sub-1441_ses-01_T1w,1
sub-1442_ses-01_T1w,2
sub-1443_ses-01_T1w,2
sub-1444_ses-01_T1w,1
sub-1445_ses-01_T1w,2
sub-1446_ses-01_T1w,3
sub-1447_ses-01_T1w,1
sub-1448_ses-01_T1w,1
sub-1449_ses-01_T1w,2
sub-1450_ses-01_T1w,1
sub-1451_ses-01_T1w,1
sub-1452_ses-01_T1w,1
sub-1453_ses-01_T1w,2
sub-1454_ses-01_T1w,1
sub-1455_ses-01_T1w,1
sub-1456_ses-01_T1w,3
sub-1457_ses-01_T1w,1
sub-1458_ses-01_T1w,1
sub-1459_ses-01_T1w,1
sub-1460_ses-01_T1w,2
sub-1460_ses-02_T1w,2
sub-1461_ses-01_T1w,3
sub-1462_ses-01_T1w,1
sub-1463_ses-01_T1w,1
sub-1464_ses-01_T1w,2
sub-1465_ses-01_T1w,2
sub-1466_ses-01_T1w,1
sub-1467_ses-01_T1w,2
sub-1468_ses-01_T1w,2
sub-1469_ses-01_T1w,2
sub-1470_ses-01_T1w,1
sub-1471_ses-01_T1w,1
sub-1472_ses-01_T1w,1
sub-1473_ses-01_T1w,1
sub-1474_ses-01_T1w,1
sub-1475_ses-01_T1w,1
sub-1476_ses-01_T1w,1
sub-1477_ses-01_T1w,2
sub-1477_ses-02_T1w,1
sub-1478_ses-01_T1w,2
sub-1479_ses-01_T1w,2
sub-1480_ses-01_T1w,1
sub-1480_ses-02_T1w,1
sub-1481_ses-01_T1w,1
sub-1482_ses-01_T1w,1
sub-1483_ses-01_T1w,2
sub-1484_ses-01_T1w,1
sub-1485_ses-01_T1w,2
sub-1486_ses-01_T1w,2
sub-1487_ses-01_T1w,1
sub-1488_ses-01_T1w,2
sub-1489_ses-01_T1w,1
sub-1490_ses-01_T1w,2
sub-1491_ses-01_T1w,2
sub-1492_ses-01_T1w,2
sub-1493_ses-01_T1w,1
sub-1494_ses-01_T1w,1
sub-1495_ses-01_T1w,1
sub-1496_ses-01_T1w,1
sub-1497_ses-01_T1w,1
sub-1498_ses-01_T1w,1
sub-1499_ses-01_T1w,1
sub-1500_ses-01_T1w,1
sub-1501_ses-01_T1w,1
sub-1502_ses-01_T1w,2
sub-1503_ses-01_T1w,1
sub-1504_ses-01_T1w,1
sub-1505_ses-01_T1w,1
sub-1506_ses-01_T1w,1
sub-1507_ses-01_T1w,2
sub-1508_ses-01_T1w,1
sub-1509_ses-01_T1w,1
sub-1510_ses-01_T1w,1
sub-1511_ses-01_T1w,1
sub-1512_ses-01_T1w,2
sub-1513_ses-01_T1w,1
sub-1514_ses-01_T1w,1
sub-1515_ses-01_T1w,1
sub-1516_ses-01_T1w,1
sub-1517_ses-01_T1w,2
sub-1518_ses-01_T1w,1
sub-1519_ses-01_T1w,1
sub-1520_ses-01_T1w,1
sub-1521_ses-01_T1w,1
sub-1522_ses-01_T1w,1
sub-1523_ses-01_T1w,1
sub-1524_ses-01_T1w,1
sub-1525_ses-01_T1w,1
sub-1526_ses-01_T1w,1
sub-1527_ses-01_T1w,2
sub-1528_ses-01_T1w,1
sub-1529_ses-01_T1w,1
sub-1530_ses-01_T1w,1
sub-1531_ses-01_T1w,2
sub-1532_ses-01_T1w,2
sub-1533_ses-01_T1w,1
sub-1534_ses-01_T1w,2
sub-1535_ses-01_T1w,1
sub-1536_ses-01_T1w,1
sub-1537_ses-01_T1w,1
sub-1538_ses-01_T1w,1
sub-1539_ses-01_T1w,1
sub-1540_ses-01_T1w,1
sub-1541_ses-01_T1w,2
sub-1542_ses-01_T1w,1
sub-1543_ses-01_T1w,1
sub-1544_ses-01_T1w,1
sub-1545_ses-01_T1w,3
sub-1546_ses-01_T1w,1
sub-1547_ses-01_T1w,2
sub-1548_ses-01_T1w,2
sub-1549_ses-01_T1w,2
sub-1549_ses-02_T1w,1
sub-1550_ses-01_T1w,2
sub-1551_ses-01_T1w,1
sub-1552_ses-01_T1w,1
sub-1553_ses-01_T1w,1
sub-1554_ses-01_T1w,2
sub-1555_ses-01_T1w,2
sub-1556_ses-01_T1w,4
sub-1557_ses-01_T1w,1
sub-1558_ses-01_T1w,1
sub-1559_ses-01_T1w,4
sub-1560_ses-01_T1w,2
sub-1561_ses-01_T1w,2
sub-1562_ses-01_T1w,2
sub-1562_ses-02_T1w,1
sub-1563_ses-01_T1w,1
sub-1564_ses-01_T1w,1
sub-1565_ses-01_T1w,1
sub-1566_ses-01_T1w,1
sub-1567_ses-01_T1w,1
sub-1568_ses-01_T1w,1
sub-1569_ses-01_T1w,2
sub-1570_ses-01_T1w,2
