sub-0030689_T1w,1
sub-0030690_T1w,4
sub-0030691_T1w,1
sub-0030692_T1w,1
sub-0030693_T1w,1
sub-0030694_T1w,1
sub-0030695_T1w,1
sub-0030696_T1w,1
sub-0030697_T1w,1
sub-0030698_T1w,1
sub-032301_ses-01_acq-mp2rage_T1w,5
sub-032302_ses-01_acq-mp2rage_T1w,6
sub-032303_ses-01_acq-mp2rage_T1w,5
sub-032304_ses-01_acq-mp2rage_T1w,3
sub-032305_ses-01_acq-mp2rage_T1w,3
sub-032306_ses-01_acq-mp2rage_T1w,6
sub-032307_ses-01_acq-mp2rage_T1w,2
sub-032308_ses-01_acq-mp2rage_T1w,2
sub-032309_ses-01_acq-mp2rage_T1w,2
sub-032310_ses-01_acq-mp2rage_T1w,4
sub-032311_ses-01_acq-mp2rage_T1w,3
sub-032312_ses-01_acq-mp2rage_T1w,4
sub-032313_ses-01_acq-mp2rage_T1w,3
sub-032314_ses-01_acq-mp2rage_T1w,2
sub-032315_ses-01_acq-mp2rage_T1w,4
sub-032316_ses-01_acq-mp2rage_T1w,4
sub-032317_ses-01_acq-mp2rage_T1w,2
sub-032318_ses-01_acq-mp2rage_T1w,3
sub-032319_ses-01_acq-mp2rage_T1w,3
sub-032320_ses-01_acq-mp2rage_T1w,2
sub-032321_ses-01_acq-mp2rage_T1w,6
sub-032322_ses-01_acq-mp2rage_T1w,3
sub-032323_ses-01_acq-mp2rage_T1w,6
sub-032324_ses-01_acq-mp2rage_T1w,3
sub-032325_ses-01_acq-mp2rage_T1w,5
sub-032326_ses-01_acq-mp2rage_T1w,2
sub-032327_ses-01_acq-mp2rage_T1w,2
sub-032328_ses-01_acq-mp2rage_T1w,2
sub-032329_ses-01_acq-mp2rage_T1w,2
sub-032330_ses-01_acq-mp2rage_T1w,6
sub-032331_ses-01_acq-mp2rage_T1w,6
sub-032332_ses-01_acq-mp2rage_T1w,2
sub-032333_ses-01_acq-mp2rage_T1w,2
sub-032334_ses-01_acq-mp2rage_T1w,6
sub-032335_ses-01_acq-mp2rage_T1w,1
sub-032336_ses-01_acq-mp2rage_T1w,6
sub-032337_ses-01_acq-mp2rage_T1w,2
sub-032338_ses-01_acq-mp2rage_T1w,2
sub-032339_ses-01_acq-mp2rage_T1w,6
sub-032340_ses-01_acq-mp2rage_T1w,4
sub-032341_ses-01_acq-mp2rage_T1w,3
sub-032342_ses-01_acq-mp2rage_T1w,6
sub-032343_ses-01_acq-mp2rage_T1w,6
sub-032344_ses-01_acq-mp2rage_T1w,4
sub-032345_ses-01_acq-mp2rage_T1w,2
sub-032346_ses-01_acq-mp2rage_T1w,2
sub-032347_ses-01_acq-mp2rage_T1w,2
sub-032348_ses-01_acq-mp2rage_T1w,3
sub-032349_ses-01_acq-mp2rage_T1w,2
sub-032350_ses-01_acq-mp2rage_T1w,2
sub-032351_ses-01_acq-mp2rage_T1w,2
sub-032352_ses-01_acq-mp2rage_T1w,6
sub-032353_ses-01_acq-mp2rage_T1w,2
sub-032354_ses-01_acq-mp2rage_T1w,2
sub-032355_ses-01_acq-mp2rage_T1w,2
sub-032356_ses-01_acq-mp2rage_T1w,2
sub-032357_ses-01_acq-mp2rage_T1w,6
sub-032358_ses-01_acq-mp2rage_T1w,2
sub-032359_ses-01_acq-mp2rage_T1w,6
sub-032360_ses-01_acq-mp2rage_T1w,2
sub-032361_ses-01_acq-mp2rage_T1w,2
sub-032362_ses-01_acq-mp2rage_T1w,2
sub-032363_ses-01_acq-mp2rage_T1w,6
sub-032364_ses-01_acq-mp2rage_T1w,6
sub-032365_ses-01_acq-mp2rage_T1w,6
sub-032366_ses-01_acq-mp2rage_T1w,4
sub-032367_ses-01_acq-mp2rage_T1w,2
sub-032368_ses-01_acq-mp2rage_T1w,2
sub-032369_ses-01_acq-mp2rage_T1w,2
sub-032370_ses-01_acq-mp2rage_T1w,2
sub-032371_ses-01_acq-mp2rage_T1w,5
sub-032372_ses-01_acq-mp2rage_T1w,6
sub-032373_ses-01_acq-mp2rage_T1w,6
sub-032374_ses-01_acq-mp2rage_T1w,2
sub-032375_ses-01_acq-mp2rage_T1w,2
sub-032376_ses-01_acq-mp2rage_T1w,6
sub-032377_ses-01_acq-mp2rage_T1w,2
sub-032378_ses-01_acq-mp2rage_T1w,2
sub-032379_ses-01_acq-mp2rage_T1w,2
sub-032380_ses-01_acq-mp2rage_T1w,2
sub-032381_ses-01_acq-mp2rage_T1w,6
sub-032382_ses-01_acq-mp2rage_T1w,6
sub-032383_ses-01_acq-mp2rage_T1w,6
sub-032384_ses-01_acq-mp2rage_T1w,2
sub-032385_ses-01_acq-mp2rage_T1w,3
sub-032386_ses-01_acq-mp2rage_T1w,4
sub-032387_ses-01_acq-mp2rage_T1w,2
sub-032388_ses-01_acq-mp2rage_T1w,2
sub-032389_ses-01_acq-mp2rage_T1w,2
sub-032390_ses-01_acq-mp2rage_T1w,2
sub-032391_ses-01_acq-mp2rage_T1w,2
sub-032392_ses-01_acq-mp2rage_T1w,3
sub-032393_ses-01_acq-mp2rage_T1w,1
sub-032394_ses-01_acq-mp2rage_T1w,2
sub-032395_ses-01_acq-mp2rage_T1w,3
sub-032396_ses-01_acq-mp2rage_T1w,2
sub-032397_ses-01_acq-mp2rage_T1w,2
sub-032398_ses-01_acq-mp2rage_T1w,2
sub-032399_ses-01_acq-mp2rage_T1w,3
sub-032400_ses-01_acq-mp2rage_T1w,2
sub-032401_ses-001TA_acq-FLA_T1w,5
sub-032401_ses-001TA_acq-MPR_T1w,1
sub-032401_ses-001TA_acq-SPC_T1w,4
sub-032401_ses-002TB_acq-FLA_T1w,4
sub-032401_ses-002TB_acq-MPR_T1w,1
sub-032401_ses-002TB_acq-SPC_T1w,4
sub-032401_ses-003TB_acq-FLA_T1w,4
sub-032401_ses-003TB_acq-MPR_T1w,1
sub-032401_ses-003TB_acq-SPC_T1w,4
sub-032401_ses-004TA_acq-FLA_T1w,4
sub-032401_ses-004TA_acq-MPR_T1w,1
sub-032401_ses-004TA_acq-SPC_T1w,5
sub-032401_ses-01_acq-mp2rage_T1w,1
sub-032402_ses-001TB_acq-FLA_T1w,4
sub-032402_ses-001TB_acq-MPR_T1w,1
sub-032402_ses-001TB_acq-SPC_T1w,4
sub-032402_ses-002TA_acq-FLA_T1w,5
sub-032402_ses-002TA_acq-MPR_T1w,1
sub-032402_ses-002TA_acq-SPC_T1w,4
sub-032402_ses-003TB_acq-FLA_T1w,5
sub-032402_ses-003TB_acq-MPR_T1w,1
sub-032402_ses-003TB_acq-SPC_T1w,4
sub-032402_ses-004TA_acq-FLA_T1w,4
sub-032402_ses-004TA_acq-MPR_T1w,1
sub-032402_ses-004TA_acq-SPC_T1w,4
sub-032402_ses-01_acq-mp2rage_T1w,1
sub-032403_ses-001TA_acq-FLA_T1w,4
sub-032403_ses-001TA_acq-MPR_T1w,1
sub-032403_ses-001TA_acq-SPC_T1w,4
sub-032403_ses-002TA_acq-FLA_T1w,5
sub-032403_ses-002TA_acq-MPR_T1w,1
sub-032403_ses-002TA_acq-SPC_T1w,4
sub-032403_ses-003TB_acq-FLA_T1w,4
sub-032403_ses-003TB_acq-MPR_T1w,1
sub-032403_ses-003TB_acq-SPC_T1w,4
sub-032403_ses-004TB_acq-FLA_T1w,4
sub-032403_ses-004TB_acq-MPR_T1w,1
sub-032403_ses-004TB_acq-SPC_T1w,4
sub-032403_ses-01_acq-mp2rage_T1w,4
sub-032404_ses-001TA_acq-FLA_T1w,4
sub-032404_ses-001TA_acq-MPR_T1w,1
sub-032404_ses-001TA_acq-SPC_T1w,4
sub-032404_ses-002TB_acq-FLA_T1w,4
sub-032404_ses-002TB_acq-MPR_T1w,2
sub-032404_ses-002TB_acq-SPC_T1w,4
sub-032404_ses-003TA_acq-FLA_T1w,4
sub-032404_ses-003TA_acq-MPR_T1w,1
sub-032404_ses-003TA_acq-SPC_T1w,4
sub-032404_ses-004TB_acq-FLA_T1w,4
sub-032404_ses-004TB_acq-MPR_T1w,1
sub-032404_ses-004TB_acq-SPC_T1w,4
sub-032404_ses-01_acq-mp2rage_T1w,2
sub-032405_ses-001TA_acq-FLA_T1w,5
sub-032405_ses-001TA_acq-MPR_T1w,1
sub-032405_ses-001TA_acq-SPC_T1w,5
sub-032405_ses-002TB_acq-FLA_T1w,5
sub-032405_ses-002TB_acq-MPR_T1w,1
sub-032405_ses-002TB_acq-SPC_T1w,4
sub-032405_ses-003TB_acq-FLA_T1w,4
sub-032405_ses-003TB_acq-MPR_T1w,1
sub-032405_ses-003TB_acq-SPC_T1w,4
sub-032405_ses-004TA_acq-FLA_T1w,5
sub-032405_ses-004TA_acq-MPR_T1w,1
sub-032405_ses-004TA_acq-SPC_T1w,4
sub-032405_ses-01_acq-mp2rage_T1w,1
sub-032406_ses-001TB_acq-FLA_T1w,4
sub-032406_ses-001TB_acq-MPR_T1w,1
sub-032406_ses-001TB_acq-SPC_T1w,4
sub-032406_ses-002TB_acq-FLA_T1w,4
sub-032406_ses-002TB_acq-MPR_T1w,2
sub-032406_ses-002TB_acq-SPC_T1w,4
sub-032406_ses-003TA_acq-FLA_T1w,5
sub-032406_ses-003TA_acq-MPR_T1w,1
sub-032406_ses-003TA_acq-SPC_T1w,4
sub-032406_ses-004TA_acq-FLA_T1w,4
sub-032406_ses-004TA_acq-MPR_T1w,2
sub-032406_ses-004TA_acq-SPC_T1w,4
sub-032406_ses-01_acq-mp2rage_T1w,1
sub-032407_ses-001TB_acq-FLA_T1w,5
sub-032407_ses-001TB_acq-MPR_T1w,1
sub-032407_ses-001TB_acq-SPC_T1w,4
sub-032407_ses-002TB_acq-FLA_T1w,4
sub-032407_ses-002TB_acq-MPR_T1w,1
sub-032407_ses-002TB_acq-SPC_T1w,4
sub-032407_ses-003TA_acq-FLA_T1w,4
sub-032407_ses-003TA_acq-MPR_T1w,1
sub-032407_ses-003TA_acq-SPC_T1w,4
sub-032407_ses-004TA_acq-FLA_T1w,4
sub-032407_ses-004TA_acq-MPR_T1w,1
sub-032407_ses-004TA_acq-SPC_T1w,4
sub-032407_ses-01_acq-mp2rage_T1w,6
sub-032408_ses-001TA_acq-FLA_T1w,4
sub-032408_ses-001TA_acq-MPR_T1w,1
sub-032408_ses-001TA_acq-SPC_T1w,4
sub-032408_ses-002TA_acq-FLA_T1w,4
sub-032408_ses-002TA_acq-MPR_T1w,1
sub-032408_ses-002TA_acq-SPC_T1w,4
sub-032408_ses-003TB_acq-FLA_T1w,5
sub-032408_ses-003TB_acq-MPR_T1w,1
sub-032408_ses-003TB_acq-SPC_T1w,4
sub-032408_ses-004TB_acq-FLA_T1w,4
sub-032408_ses-004TB_acq-MPR_T1w,1
sub-032408_ses-004TB_acq-SPC_T1w,4
sub-032408_ses-01_acq-mp2rage_T1w,2
sub-032409_ses-001TA_acq-FLA_T1w,5
sub-032409_ses-001TA_acq-MPR_T1w,4
sub-032409_ses-001TA_acq-SPC_T1w,5
sub-032409_ses-002TA_acq-FLA_T1w,4
sub-032409_ses-002TA_acq-MPR_T1w,2
sub-032409_ses-002TA_acq-SPC_T1w,4
sub-032409_ses-003TB_acq-FLA_T1w,4
sub-032409_ses-003TB_acq-MPR_T1w,2
sub-032409_ses-003TB_acq-SPC_T1w,4
sub-032409_ses-004TB_acq-FLA_T1w,4
sub-032409_ses-004TB_acq-MPR_T1w,2
sub-032409_ses-004TB_acq-SPC_T1w,4
sub-032409_ses-01_acq-mp2rage_T1w,2
sub-032410_ses-001TB_acq-FLA_T1w,4
sub-032410_ses-001TB_acq-MPR_T1w,1
sub-032410_ses-001TB_acq-SPC_T1w,4
sub-032410_ses-002TB_acq-FLA_T1w,4
sub-032410_ses-002TB_acq-MPR_T1w,1
sub-032410_ses-002TB_acq-SPC_T1w,4
sub-032410_ses-003TA_acq-FLA_T1w,4
sub-032410_ses-003TA_acq-MPR_T1w,1
sub-032410_ses-004TA_acq-FLA_T1w,4
sub-032410_ses-004TA_acq-MPR_T1w,1
sub-032410_ses-01_acq-mp2rage_T1w,6
sub-032411_ses-001TB_acq-FLA_T1w,4
sub-032411_ses-001TB_acq-MPR_T1w,2
sub-032411_ses-001TB_acq-SPC_T1w,4
sub-032411_ses-002TB_acq-FLA_T1w,4
sub-032411_ses-002TB_acq-MPR_T1w,1
sub-032411_ses-002TB_acq-SPC_T1w,4
sub-032411_ses-003TA_acq-FLA_T1w,4
sub-032411_ses-003TA_acq-MPR_T1w,1
sub-032411_ses-004TA_acq-FLA_T1w,5
sub-032411_ses-004TA_acq-MPR_T1w,1
sub-032411_ses-01_acq-mp2rage_T1w,1
sub-032412_ses-001TA_acq-FLA_T1w,5
sub-032412_ses-001TA_acq-MPR_T1w,1
sub-032412_ses-002TA_acq-FLA_T1w,5
sub-032412_ses-002TA_acq-MPR_T1w,1
sub-032412_ses-003TB_acq-FLA_T1w,4
sub-032412_ses-003TB_acq-MPR_T1w,4
sub-032412_ses-004TB_acq-FLA_T1w,5
sub-032412_ses-004TB_acq-MPR_T1w,1
sub-032412_ses-01_acq-mp2rage_T1w,2
sub-032413_ses-001TA_acq-FLA_T1w,5
sub-032413_ses-001TA_acq-MPR_T1w,1
sub-032413_ses-01_acq-mp2rage_T1w,1
sub-032414_ses-001TA_acq-FLA_T1w,5
sub-032414_ses-001TA_acq-MPR_T1w,1
sub-032414_ses-01_acq-mp2rage_T1w,2
sub-032415_ses-001TA_acq-FLA_T1w,5
sub-032415_ses-001TA_acq-MPR_T1w,1
sub-032415_ses-01_acq-mp2rage_T1w,6
sub-032416_ses-001TA_acq-FLA_T1w,5
sub-032416_ses-001TA_acq-MPR_T1w,1
sub-032416_ses-01_acq-mp2rage_T1w,1
sub-032417_ses-001TA_acq-FLA_T1w,5
sub-032417_ses-001TA_acq-MPR_T1w,2
sub-032417_ses-01_acq-mp2rage_T1w,1
sub-032418_ses-001TA_acq-FLA_T1w,5
sub-032418_ses-001TA_acq-MPR_T1w,1
sub-032418_ses-01_acq-mp2rage_T1w,2
sub-032419_ses-001TA_acq-FLA_T1w,5
sub-032419_ses-001TA_acq-MPR_T1w,1
sub-032419_ses-01_acq-mp2rage_T1w,2
sub-032420_ses-001TA_acq-FLA_T1w,5
sub-032420_ses-001TA_acq-MPR_T1w,2
sub-032420_ses-01_acq-mp2rage_T1w,1
sub-032421_ses-001TA_acq-FLA_T1w,5
sub-032421_ses-001TA_acq-MPR_T1w,1
sub-032421_ses-01_acq-mp2rage_T1w,4
sub-032422_ses-001TA_acq-FLA_T1w,5
sub-032422_ses-001TA_acq-MPR_T1w,1
sub-032422_ses-01_acq-mp2rage_T1w,1
sub-032423_ses-001TA_acq-FLA_T1w,5
sub-032423_ses-001TA_acq-MPR_T1w,2
sub-032423_ses-01_acq-mp2rage_T1w,1
sub-032424_ses-001TA_acq-FLA_T1w,5
sub-032424_ses-001TA_acq-MPR_T1w,1
sub-032424_ses-01_acq-mp2rage_T1w,1
sub-032425_ses-001TA_acq-FLA_T1w,4
sub-032425_ses-001TA_acq-MPR_T1w,1
sub-032425_ses-01_acq-mp2rage_T1w,1
sub-032426_ses-001TA_acq-FLA_T1w,5
sub-032426_ses-001TA_acq-MPR_T1w,1
sub-032426_ses-01_acq-mp2rage_T1w,1
sub-032427_ses-001TA_acq-FLA_T1w,5
sub-032427_ses-001TA_acq-MPR_T1w,1
sub-032427_ses-01_acq-mp2rage_T1w,5
sub-032428_ses-001TA_acq-FLA_T1w,5
sub-032428_ses-001TA_acq-MPR_T1w,1
sub-032428_ses-01_acq-mp2rage_T1w,1
sub-032429_ses-001TA_acq-FLA_T1w,5
sub-032429_ses-001TA_acq-MPR_T1w,1
sub-032429_ses-01_acq-mp2rage_T1w,1
sub-032430_ses-001TA_acq-FLA_T1w,5
sub-032430_ses-001TA_acq-MPR_T1w,1
sub-032430_ses-01_acq-mp2rage_T1w,1
sub-032431_ses-001TA_acq-FLA_T1w,5
sub-032431_ses-001TA_acq-MPR_T1w,1
sub-032431_ses-01_acq-mp2rage_T1w,1
sub-032432_ses-001TA_acq-FLA_T1w,5
sub-032432_ses-001TA_acq-MPR_T1w,1
sub-032432_ses-01_acq-mp2rage_T1w,1
sub-032433_ses-001TA_acq-FLA_T1w,5
sub-032433_ses-001TA_acq-MPR_T1w,1
sub-032433_ses-01_acq-mp2rage_T1w,1
sub-032434_ses-001TA_acq-FLA_T1w,5
sub-032434_ses-001TA_acq-MPR_T1w,1
sub-032434_ses-01_acq-mp2rage_T1w,1
sub-032435_ses-001TA_acq-FLA_T1w,5
sub-032435_ses-001TA_acq-MPR_T1w,1
sub-032435_ses-01_acq-mp2rage_T1w,1
sub-032436_ses-001TA_acq-FLA_T1w,5
sub-032436_ses-001TA_acq-MPR_T1w,1
sub-032436_ses-01_acq-mp2rage_T1w,1
sub-032437_ses-001TA_acq-FLA_T1w,5
sub-032437_ses-001TA_acq-MPR_T1w,1
sub-032437_ses-01_acq-mp2rage_T1w,1
sub-032438_ses-001TA_acq-FLA_T1w,5
sub-032438_ses-001TA_acq-MPR_T1w,1
sub-032438_ses-01_acq-mp2rage_T1w,1
sub-032439_ses-001TA_acq-FLA_T1w,4
sub-032439_ses-001TA_acq-MPR_T1w,1
sub-032439_ses-01_acq-mp2rage_T1w,1
sub-032440_ses-001TA_acq-FLA_T1w,5
sub-032440_ses-001TA_acq-MPR_T1w,1
sub-032440_ses-01_acq-mp2rage_T1w,1
sub-032441_ses-001TA_acq-FLA_T1w,5
sub-032441_ses-001TA_acq-MPR_T1w,2
sub-032441_ses-01_acq-mp2rage_T1w,6
sub-032442_ses-001TA_acq-FLA_T1w,5
sub-032442_ses-001TA_acq-MPR_T1w,1
sub-032442_ses-01_acq-mp2rage_T1w,1
sub-032443_ses-001TA_acq-FLA_T1w,5
sub-032443_ses-001TA_acq-MPR_T1w,1
sub-032443_ses-01_acq-mp2rage_T1w,1
sub-032444_ses-001TA_acq-FLA_T1w,5
sub-032444_ses-001TA_acq-MPR_T1w,1
sub-032444_ses-01_acq-mp2rage_T1w,1
sub-032445_ses-001TA_acq-FLA_T1w,4
sub-032445_ses-001TA_acq-MPR_T1w,1
sub-032445_ses-01_acq-mp2rage_T1w,1
sub-032446_ses-001TA_acq-FLA_T1w,5
sub-032446_ses-001TA_acq-MPR_T1w,1
sub-032446_ses-01_acq-mp2rage_T1w,1
sub-032447_ses-001TA_acq-FLA_T1w,5
sub-032447_ses-001TA_acq-MPR_T1w,1
sub-032447_ses-01_acq-mp2rage_T1w,1
sub-032448_ses-001TA_acq-FLA_T1w,5
sub-032448_ses-001TA_acq-MPR_T1w,1
sub-032448_ses-01_acq-mp2rage_T1w,6
sub-032449_ses-001TA_acq-FLA_T1w,4
sub-032449_ses-001TA_acq-MPR_T1w,1
sub-032449_ses-01_acq-mp2rage_T1w,2
sub-032450_ses-001TA_acq-FLA_T1w,5
sub-032450_ses-001TA_acq-MPR_T1w,1
sub-032450_ses-01_acq-mp2rage_T1w,6
sub-032451_ses-001TA_acq-FLA_T1w,5
sub-032451_ses-001TA_acq-MPR_T1w,1
sub-032451_ses-01_acq-mp2rage_T1w,6
sub-032452_ses-001TA_acq-FLA_T1w,5
sub-032452_ses-001TA_acq-MPR_T1w,1
sub-032452_ses-01_acq-mp2rage_T1w,
sub-032453_ses-001TA_acq-FLA_T1w,5
sub-032453_ses-001TA_acq-MPR_T1w,1
sub-032453_ses-01_acq-mp2rage_T1w,1
sub-032454_ses-001TA_acq-FLA_T1w,5
sub-032454_ses-001TA_acq-MPR_T1w,1
sub-032454_ses-01_acq-mp2rage_T1w,1
sub-032455_ses-001TA_acq-FLA_T1w,5
sub-032455_ses-001TA_acq-MPR_T1w,1
sub-032455_ses-01_acq-mp2rage_T1w,1
sub-032456_ses-001TA_acq-FLA_T1w,5
sub-032456_ses-001TA_acq-MPR_T1w,1
sub-032457_ses-001TA_acq-FLA_T1w,5
sub-032457_ses-001TA_acq-MPR_T1w,1
sub-032457_ses-01_acq-mp2rage_T1w,1
sub-032458_ses-001TA_acq-FLA_T1w,5
sub-032458_ses-001TA_acq-MPR_T1w,1
sub-032458_ses-01_acq-mp2rage_T1w,1
sub-032459_ses-001TA_acq-FLA_T1w,5
sub-032459_ses-001TA_acq-MPR_T1w,1
sub-032459_ses-01_acq-mp2rage_T1w,6
sub-032460_ses-001TA_acq-FLA_T1w,4
sub-032460_ses-001TA_acq-MPR_T1w,1
sub-032460_ses-01_acq-mp2rage_T1w,1
sub-032461_ses-001TA_acq-FLA_T1w,5
sub-032461_ses-001TA_acq-MPR_T1w,3
sub-032461_ses-01_acq-mp2rage_T1w,1
sub-032462_ses-001TA_acq-FLA_T1w,5
sub-032462_ses-001TA_acq-MPR_T1w,1
sub-032462_ses-01_acq-mp2rage_T1w,6
sub-032463_ses-001TA_acq-FLA_T1w,4
sub-032463_ses-001TA_acq-MPR_T1w,3
sub-032463_ses-01_acq-mp2rage_T1w,1
sub-032464_ses-001TA_acq-FLA_T1w,5
sub-032464_ses-001TA_acq-MPR_T1w,1
sub-032464_ses-01_acq-mp2rage_T1w,4
sub-032465_ses-001TA_acq-FLA_T1w,4
sub-032465_ses-001TA_acq-MPR_T1w,1
sub-032465_ses-01_acq-mp2rage_T1w,1
sub-032466_ses-001TA_acq-FLA_T1w,5
sub-032466_ses-001TA_acq-MPR_T1w,1
sub-032466_ses-01_acq-mp2rage_T1w,1
sub-032467_ses-001TA_acq-FLA_T1w,5
sub-032467_ses-001TA_acq-MPR_T1w,1
sub-032467_ses-01_acq-mp2rage_T1w,1
sub-032468_ses-001TA_acq-FLA_T1w,5
sub-032468_ses-001TA_acq-MPR_T1w,1
sub-032468_ses-01_acq-mp2rage_T1w,1
sub-032469_ses-001TA_acq-FLA_T1w,5
sub-032469_ses-001TA_acq-MPR_T1w,1
sub-032469_ses-01_acq-mp2rage_T1w,1
sub-032470_ses-001TA_acq-FLA_T1w,4
sub-032470_ses-001TA_acq-MPR_T1w,1
sub-032470_ses-01_acq-mp2rage_T1w,1
sub-032471_ses-001TA_acq-FLA_T1w,5
sub-032471_ses-001TA_acq-MPR_T1w,1
sub-032471_ses-01_acq-mp2rage_T1w,1
sub-032472_ses-001TA_acq-FLA_T1w,5
sub-032472_ses-001TA_acq-MPR_T1w,1
sub-032472_ses-01_acq-mp2rage_T1w,1
sub-032473_ses-001TA_acq-FLA_T1w,5
sub-032473_ses-001TA_acq-MPR_T1w,1
sub-032473_ses-01_acq-mp2rage_T1w,4
sub-032474_ses-001TA_acq-FLA_T1w,4
sub-032474_ses-001TA_acq-MPR_T1w,1
sub-032474_ses-01_acq-mp2rage_T1w,1
sub-032475_ses-001TA_acq-FLA_T1w,5
sub-032475_ses-001TA_acq-MPR_T1w,1
sub-032475_ses-01_acq-mp2rage_T1w,1
sub-032476_ses-001TA_acq-FLA_T1w,5
sub-032476_ses-001TA_acq-MPR_T1w,1
sub-032476_ses-01_acq-mp2rage_T1w,1
sub-032477_ses-001TA_acq-FLA_T1w,5
sub-032477_ses-001TA_acq-MPR_T1w,1
sub-032477_ses-01_acq-mp2rage_T1w,1
sub-032478_ses-001TA_acq-FLA_T1w,5
sub-032478_ses-001TA_acq-MPR_T1w,1
sub-032478_ses-01_acq-mp2rage_T1w,1
sub-032479_ses-001TA_acq-FLA_T1w,5
sub-032479_ses-001TA_acq-MPR_T1w,1
sub-032479_ses-01_acq-mp2rage_T1w,1
sub-032480_ses-001TA_acq-FLA_T1w,5
sub-032480_ses-001TA_acq-MPR_T1w,1
sub-032480_ses-01_acq-mp2rage_T1w,1
sub-032481_ses-001TA_acq-FLA_T1w,4
sub-032481_ses-001TA_acq-MPR_T1w,1
sub-032481_ses-01_acq-mp2rage_T1w,1
sub-032482_ses-001TA_acq-FLA_T1w,5
sub-032482_ses-001TA_acq-MPR_T1w,1
sub-032482_ses-01_acq-mp2rage_T1w,1
sub-032483_ses-001TA_acq-FLA_T1w,5
sub-032483_ses-001TA_acq-MPR_T1w,1
sub-032483_ses-01_acq-mp2rage_T1w,1
sub-032484_ses-001TA_acq-FLA_T1w,4
sub-032484_ses-001TA_acq-MPR_T1w,1
sub-032484_ses-01_acq-mp2rage_T1w,1
sub-032485_ses-001TA_acq-FLA_T1w,5
sub-032485_ses-001TA_acq-MPR_T1w,1
sub-032485_ses-01_acq-mp2rage_T1w,1
sub-032486_ses-001TA_acq-FLA_T1w,5
sub-032486_ses-001TA_acq-MPR_T1w,1
sub-032486_ses-01_acq-mp2rage_T1w,6
sub-032487_ses-001TA_acq-FLA_T1w,5
sub-032487_ses-001TA_acq-MPR_T1w,1
sub-032487_ses-01_acq-mp2rage_T1w,6
sub-032488_ses-001TA_acq-FLA_T1w,4
sub-032488_ses-001TA_acq-MPR_T1w,1
sub-032488_ses-01_acq-mp2rage_T1w,1
sub-032489_ses-001TA_acq-FLA_T1w,4
sub-032489_ses-001TA_acq-MPR_T1w,1
sub-032489_ses-01_acq-mp2rage_T1w,1
sub-032490_ses-001TA_acq-FLA_T1w,5
sub-032490_ses-001TA_acq-MPR_T1w,1
sub-032490_ses-01_acq-mp2rage_T1w,6
sub-032491_ses-001TA_acq-FLA_T1w,4
sub-032491_ses-001TA_acq-MPR_T1w,1
sub-032491_ses-01_acq-mp2rage_T1w,1
sub-032492_ses-001TA_acq-FLA_T1w,5
sub-032492_ses-001TA_acq-MPR_T1w,1
sub-032492_ses-01_acq-mp2rage_T1w,6
sub-032493_ses-001TA_acq-FLA_T1w,5
sub-032493_ses-001TA_acq-MPR_T1w,1
sub-032493_ses-01_acq-mp2rage_T1w,1
sub-032494_ses-001TA_acq-FLA_T1w,5
sub-032494_ses-001TA_acq-MPR_T1w,1
sub-032494_ses-01_acq-mp2rage_T1w,1
sub-032495_ses-001TA_acq-FLA_T1w,4
sub-032495_ses-001TA_acq-MPR_T1w,1
sub-032495_ses-01_acq-mp2rage_T1w,1
sub-032496_ses-001TA_acq-FLA_T1w,4
sub-032496_ses-001TA_acq-MPR_T1w,1
sub-032496_ses-01_acq-mp2rage_T1w,1
sub-032497_ses-001TA_acq-FLA_T1w,5
sub-032497_ses-001TA_acq-MPR_T1w,1
sub-032497_ses-01_acq-mp2rage_T1w,1
sub-032498_ses-001TA_acq-FLA_T1w,5
sub-032498_ses-001TA_acq-MPR_T1w,1
sub-032498_ses-01_acq-mp2rage_T1w,1
sub-032499_ses-001TA_acq-FLA_T1w,5
sub-032499_ses-001TA_acq-MPR_T1w,1
sub-032499_ses-01_acq-mp2rage_T1w,1
sub-032500_ses-001TA_acq-FLA_T1w,5
sub-032500_ses-001TA_acq-MPR_T1w,1
sub-032500_ses-01_acq-mp2rage_T1w,1
sub-032501_ses-001TA_acq-FLA_T1w,5
sub-032501_ses-001TA_acq-MPR_T1w,1
sub-032501_ses-01_acq-mp2rage_T1w,1
sub-032502_ses-001TA_acq-FLA_T1w,5
sub-032502_ses-001TA_acq-MPR_T1w,1
sub-032502_ses-01_acq-mp2rage_T1w,1
sub-032503_ses-001TA_acq-FLA_T1w,5
sub-032503_ses-001TA_acq-MPR_T1w,1
sub-032503_ses-01_acq-mp2rage_T1w,3
sub-032504_ses-001TA_acq-FLA_T1w,4
sub-032504_ses-001TA_acq-MPR_T1w,1
sub-032504_ses-01_acq-mp2rage_T1w,1
sub-032505_ses-001TA_acq-FLA_T1w,5
sub-032505_ses-001TA_acq-MPR_T1w,1
sub-032505_ses-01_acq-mp2rage_T1w,1
sub-032506_ses-001TA_acq-FLA_T1w,5
sub-032506_ses-001TA_acq-MPR_T1w,1
sub-032506_ses-01_acq-mp2rage_T1w,1
sub-032507_ses-001TA_acq-FLA_T1w,5
sub-032507_ses-001TA_acq-MPR_T1w,1
sub-032507_ses-01_acq-mp2rage_T1w,1
sub-032508_ses-001TA_acq-FLA_T1w,5
sub-032508_ses-001TA_acq-MPR_T1w,1
sub-032508_ses-01_acq-mp2rage_T1w,1
sub-032509_ses-001TA_acq-FLA_T1w,5
sub-032509_ses-001TA_acq-MPR_T1w,1
sub-032509_ses-01_acq-mp2rage_T1w,1
sub-032510_ses-001TA_acq-FLA_T1w,5
sub-032510_ses-001TA_acq-MPR_T1w,1
sub-032510_ses-01_acq-mp2rage_T1w,1
sub-032511_ses-001TA_acq-FLA_T1w,5
sub-032511_ses-001TA_acq-MPR_T1w,1
sub-032511_ses-01_acq-mp2rage_T1w,1
sub-032512_ses-001TA_acq-FLA_T1w,5
sub-032512_ses-001TA_acq-MPR_T1w,1
sub-032512_ses-01_acq-mp2rage_T1w,1
sub-032513_ses-001TA_acq-FLA_T1w,4
sub-032513_ses-001TA_acq-MPR_T1w,1
sub-032513_ses-01_acq-mp2rage_T1w,1
sub-032514_ses-001TA_acq-FLA_T1w,5
sub-032514_ses-001TA_acq-MPR_T1w,1
sub-032514_ses-01_acq-mp2rage_T1w,1
sub-032515_ses-001TA_acq-FLA_T1w,5
sub-032515_ses-001TA_acq-MPR_T1w,1
sub-032515_ses-01_acq-mp2rage_T1w,1
sub-032516_ses-001TA_acq-FLA_T1w,5
sub-032516_ses-001TA_acq-MPR_T1w,1
sub-032516_ses-01_acq-mp2rage_T1w,1
sub-032517_ses-001TA_acq-FLA_T1w,5
sub-032517_ses-001TA_acq-MPR_T1w,1
sub-032517_ses-01_acq-mp2rage_T1w,1
sub-032518_ses-001TA_acq-FLA_T1w,5
sub-032518_ses-001TA_acq-MPR_T1w,1
sub-032518_ses-01_acq-mp2rage_T1w,1
sub-032519_ses-001TA_acq-FLA_T1w,5
sub-032519_ses-001TA_acq-MPR_T1w,1
sub-032519_ses-01_acq-mp2rage_T1w,1
sub-032520_ses-001TA_acq-FLA_T1w,5
sub-032520_ses-001TA_acq-MPR_T1w,1
sub-032520_ses-01_acq-mp2rage_T1w,1
sub-032521_ses-001TA_acq-FLA_T1w,5
sub-032521_ses-001TA_acq-MPR_T1w,1
sub-032521_ses-01_acq-mp2rage_T1w,1
sub-032522_ses-001TA_acq-FLA_T1w,5
sub-032522_ses-001TA_acq-MPR_T1w,1
sub-032522_ses-01_acq-mp2rage_T1w,1
sub-032523_ses-001TA_acq-FLA_T1w,4
sub-032523_ses-001TA_acq-MPR_T1w,1
sub-032523_ses-01_acq-mp2rage_T1w,1
sub-032524_ses-001TA_acq-FLA_T1w,5
sub-032524_ses-001TA_acq-MPR_T1w,1
sub-032524_ses-01_acq-mp2rage_T1w,1
sub-032525_ses-001TA_acq-FLA_T1w,5
sub-032525_ses-001TA_acq-MPR_T1w,1
sub-032525_ses-01_acq-mp2rage_T1w,1
sub-032526_ses-001TA_acq-FLA_T1w,6
sub-032526_ses-001TA_acq-MPR_T1w,1
sub-032526_ses-01_acq-mp2rage_T1w,1
sub-032527_ses-001TA_acq-FLA_T1w,5
sub-032527_ses-001TA_acq-MPR_T1w,1
sub-032527_ses-01_acq-mp2rage_T1w,1
sub-032528_ses-001TA_acq-FLA_T1w,4
sub-032528_ses-001TA_acq-MPR_T1w,1
sub-032528_ses-01_acq-mp2rage_T1w,4
sub-032529_ses-001TA_acq-FLA_T1w,4
sub-032529_ses-001TA_acq-MPR_T1w,1
sub-032530_ses-001TA_acq-FLA_T1w,4
sub-032530_ses-001TA_acq-MPR_T1w,1
sub-032531_ses-001TA_acq-FLA_T1w,4
sub-032531_ses-001TA_acq-MPR_T1w,1
sub-032532_ses-001TA_acq-FLA_T1w,4
sub-032532_ses-001TA_acq-MPR_T1w,1
sub-032533_ses-00_acq-FLA_T1w,6
sub-032533_ses-00_acq-MPR_T1w,1
sub-032534_ses-00_acq-FLA_T1w,6
sub-032534_ses-00_acq-MPR_T1w,1
sub-032535_ses-00_acq-FLA_T1w,6
sub-032535_ses-00_acq-MPR_T1w,1
sub-032536_ses-00_acq-FLA_T1w,6
sub-032536_ses-00_acq-MPR_T1w,1
sub-032537_ses-00_acq-FLA_T1w,6
sub-032537_ses-00_acq-MPR_T1w,2
sub-032538_ses-00_acq-FLA_T1w,6
sub-032538_ses-00_acq-MPR_T1w,1
sub-032539_ses-00_acq-FLA_T1w,6
sub-032539_ses-00_acq-MPR_T1w,1
sub-032540_ses-00_acq-FLA_T1w,6
sub-032540_ses-00_acq-MPR_T1w,1
sub-032541_ses-00_acq-FLA_T1w,6
sub-032541_ses-00_acq-MPR_T1w,1
sub-032542_ses-00_acq-FLA_T1w,6
sub-032542_ses-00_acq-MPR_T1w,1
sub-032543_ses-00_acq-FLA_T1w,6
sub-032543_ses-00_acq-MPR_T1w,1
sub-032544_ses-00_acq-FLA_T1w,6
sub-032544_ses-00_acq-MPR_T1w,1
sub-032545_ses-00_acq-FLA_T1w,6
sub-032545_ses-00_acq-MPR_T1w,1
sub-032546_ses-00_acq-FLA_T1w,6
sub-032546_ses-00_acq-MPR_T1w,1
sub-032547_ses-00_acq-FLA_T1w,6
sub-032547_ses-00_acq-MPR_T1w,1
sub-032548_ses-00_acq-FLA_T1w,6
sub-032548_ses-00_acq-MPR_T1w,1
sub-032549_ses-00_acq-FLA_T1w,6
sub-032549_ses-00_acq-MPR_T1w,1
sub-032550_ses-00_acq-FLA_T1w,6
sub-032550_ses-00_acq-MPR_T1w,1
sub-032551_ses-00_acq-FLA_T1w,6
sub-032551_ses-00_acq-MPR_T1w,1
sub-032552_ses-00_acq-FLA_T1w,6
sub-032552_ses-00_acq-MPR_T1w,1
sub-032553_ses-00_acq-FLA_T1w,6
sub-032553_ses-00_acq-MPR_T1w,1
sub-032554_ses-00_acq-FLA_T1w,6
sub-032554_ses-00_acq-MPR_T1w,1
sub-032555_ses-00_acq-FLA_T1w,6
sub-032555_ses-00_acq-MPR_T1w,1
sub-032556_ses-00_acq-FLA_T1w,6
sub-032556_ses-00_acq-MPR_T1w,1
sub-032557_ses-00_acq-FLA_T1w,6
sub-032557_ses-00_acq-MPR_T1w,1
sub-032558_ses-00_acq-FLA_T1w,6
sub-032558_ses-00_acq-MPR_T1w,1
sub-032559_ses-00_acq-FLA_T1w,6
sub-032559_ses-00_acq-MPR_T1w,1
sub-032560_ses-00_acq-FLA_T1w,6
sub-032560_ses-00_acq-MPR_T1w,1
sub-032561_ses-00_acq-FLA_T1w,6
sub-032561_ses-00_acq-MPR_T1w,1
sub-032562_ses-00_acq-FLA_T1w,6
sub-032562_ses-00_acq-MPR_T1w,1
sub-032563_ses-00_acq-FLA_T1w,6
sub-032563_ses-00_acq-MPR_T1w,1
sub-032564_ses-00_acq-FLA_T1w,6
sub-032564_ses-00_acq-MPR_T1w,5
sub-032565_ses-00_acq-FLA_T1w,6
sub-032565_ses-00_acq-MPR_T1w,1
sub-032566_ses-00_acq-FLA_T1w,6
sub-032566_ses-00_acq-MPR_T1w,4
sub-032567_ses-00_acq-FLA_T1w,6
sub-032567_ses-00_acq-MPR_T1w,1
sub-032568_ses-00_acq-FLA_T1w,6
sub-032568_ses-00_acq-MPR_T1w,1
sub-032569_ses-00_acq-FLA_T1w,6
sub-032569_ses-00_acq-MPR_T1w,1
sub-032570_ses-00_acq-FLA_T1w,6
sub-032570_ses-00_acq-MPR_T1w,1
sub-032571_ses-00_acq-FLA_T1w,6
sub-032571_ses-00_acq-MPR_T1w,1
sub-032572_ses-00_acq-FLA_T1w,6
sub-032572_ses-00_acq-MPR_T1w,1
sub-032573_ses-00_acq-FLA_T1w,6
sub-032573_ses-00_acq-MPR_T1w,1
sub-032574_ses-00_acq-FLA_T1w,6
sub-032574_ses-00_acq-MPR_T1w,1
sub-032575_ses-00_acq-FLA_T1w,6
sub-032575_ses-00_acq-MPR_T1w,1
sub-032576_ses-00_acq-FLA_T1w,6
sub-032576_ses-00_acq-MPR_T1w,1
sub-032577_ses-00_acq-FLA_T1w,6
sub-032577_ses-00_acq-MPR_T1w,1
sub-032578_ses-00_acq-FLA_T1w,6
sub-032578_ses-00_acq-MPR_T1w,1
sub-032579_ses-00_acq-FLA_T1w,6
sub-032579_ses-00_acq-MPR_T1w,1
sub-032580_ses-00_acq-FLA_T1w,6
sub-032580_ses-00_acq-MPR_T1w,1
sub-032581_ses-00_acq-FLA_T1w,6
sub-032581_ses-00_acq-MPR_T1w,1
sub-032582_ses-00_acq-FLA_T1w,6
sub-032582_ses-00_acq-MPR_T1w,1
sub-032583_ses-00_acq-FLA_T1w,6
sub-032583_ses-00_acq-MPR_T1w,1
sub-032584_ses-00_acq-FLA_T1w,6
sub-032584_ses-00_acq-MPR_T1w,1
sub-032585_ses-00_acq-FLA_T1w,6
sub-032585_ses-00_acq-MPR_T1w,1
sub-032586_ses-00_acq-FLA_T1w,6
sub-032586_ses-00_acq-MPR_T1w,1
sub-032587_ses-00_acq-FLA_T1w,6
sub-032587_ses-00_acq-MPR_T1w,1
sub-032588_ses-00_acq-FLA_T1w,6
sub-032588_ses-00_acq-MPR_T1w,1
sub-032589_ses-00_acq-FLA_T1w,6
sub-032589_ses-00_acq-MPR_T1w,1
sub-032590_ses-00_acq-FLA_T1w,6
sub-032590_ses-00_acq-MPR_T1w,1
sub-032591_ses-00_acq-FLA_T1w,6
sub-032591_ses-00_acq-MPR_T1w,1
sub-032592_ses-00_acq-FLA_T1w,6
sub-032592_ses-00_acq-MPR_T1w,1
sub-032593_ses-00_acq-FLA_T1w,6
sub-032593_ses-00_acq-MPR_T1w,1
sub-032594_ses-00_acq-FLA_T1w,6
sub-032594_ses-00_acq-MPR_T1w,1
sub-032595_ses-00_acq-FLA_T1w,6
sub-032595_ses-00_acq-MPR_T1w,1
sub-032596_ses-00_acq-FLA_T1w,6
sub-032596_ses-00_acq-MPR_T1w,1
sub-032597_ses-00_acq-FLA_T1w,6
sub-032597_ses-00_acq-MPR_T1w,1
sub-032598_ses-00_acq-FLA_T1w,6
sub-032598_ses-00_acq-MPR_T1w,1
sub-032599_ses-00_acq-FLA_T1w,6
sub-032599_ses-00_acq-MPR_T1w,1
sub-032600_ses-00_acq-FLA_T1w,5
sub-032600_ses-00_acq-MPR_T1w,1
sub-032601_ses-00_acq-FLA_T1w,6
sub-032601_ses-00_acq-MPR_T1w,1
sub-032602_ses-00_acq-FLA_T1w,6
sub-032602_ses-00_acq-MPR_T1w,1
sub-032603_ses-00_acq-FLA_T1w,6
sub-032603_ses-00_acq-MPR_T1w,1
sub-032604_ses-00_acq-FLA_T1w,6
sub-032604_ses-00_acq-MPR_T1w,1
sub-032605_ses-00_acq-FLA_T1w,6
sub-032605_ses-00_acq-MPR_T1w,1
sub-032606_ses-00_acq-FLA_T1w,6
sub-032606_ses-00_acq-MPR_T1w,1
sub-032607_ses-00_acq-FLA_T1w,6
sub-032607_ses-00_acq-MPR_T1w,1
sub-032608_ses-00_acq-FLA_T1w,6
sub-032608_ses-00_acq-MPR_T1w,1
sub-032609_ses-00_acq-FLA_T1w,6
sub-032609_ses-00_acq-MPR_T1w,1
sub-032610_ses-00_acq-FLA_T1w,6
sub-032610_ses-00_acq-MPR_T1w,1
sub-032611_ses-00_acq-FLA_T1w,6
sub-032611_ses-00_acq-MPR_T1w,1
sub-032612_ses-00_acq-FLA_T1w,6
sub-032612_ses-00_acq-MPR_T1w,1
sub-032613_ses-00_acq-FLA_T1w,6
sub-032613_ses-00_acq-MPR_T1w,1
sub-032614_ses-00_acq-FLA_T1w,6
sub-032614_ses-00_acq-MPR_T1w,1
sub-032615_ses-00_acq-FLA_T1w,6
sub-032615_ses-00_acq-MPR_T1w,1
sub-032616_ses-00_acq-FLA_T1w,6
sub-032616_ses-00_acq-MPR_T1w,1
sub-032617_ses-00_acq-FLA_T1w,6
sub-032617_ses-00_acq-MPR_T1w,1
sub-032618_ses-00_acq-FLA_T1w,6
sub-032618_ses-00_acq-MPR_T1w,1
sub-032619_ses-00_acq-FLA_T1w,6
sub-032619_ses-00_acq-MPR_T1w,1
sub-032620_ses-00_acq-FLA_T1w,6
sub-032620_ses-00_acq-MPR_T1w,1
sub-032621_ses-00_acq-FLA_T1w,6
sub-032621_ses-00_acq-MPR_T1w,1
sub-032622_ses-00_acq-FLA_T1w,6
sub-032622_ses-00_acq-MPR_T1w,1
sub-032623_ses-00_acq-FLA_T1w,6
sub-032623_ses-00_acq-MPR_T1w,1
sub-032624_ses-00_acq-FLA_T1w,6
sub-032624_ses-00_acq-MPR_T1w,1
sub-032625_ses-00_acq-FLA_T1w,6
sub-032625_ses-00_acq-MPR_T1w,1
sub-032626_ses-00_acq-FLA_T1w,6
sub-032626_ses-00_acq-MPR_T1w,1
sub-032627_ses-00_acq-FLA_T1w,6
sub-032627_ses-00_acq-MPR_T1w,1
sub-032628_ses-00_acq-FLA_T1w,6
sub-032628_ses-00_acq-MPR_T1w,1
sub-032629_ses-00_acq-FLA_T1w,6
sub-032629_ses-00_acq-MPR_T1w,1
sub-032630_ses-00_acq-FLA_T1w,6
sub-032630_ses-00_acq-MPR_T1w,1
sub-032631_ses-00_acq-FLA_T1w,6
sub-032631_ses-00_acq-MPR_T1w,1
sub-032632_ses-00_acq-FLA_T1w,6
sub-032632_ses-00_acq-MPR_T1w,1
sub-032633_ses-001_run-1_T1w,4
sub-032633_ses-002_run-1_T1w,4
sub-032633_ses-003_run-1_T1w,4
sub-032633_ses-004_run-1_T1w,3
sub-032633_ses-005_run-1_T1w,1
sub-032633_ses-005_run-2_T1w,3
sub-032633_ses-005_run-3_T1w,1
sub-032633_ses-006_run-1_T1w,1
sub-032633_ses-006_run-2_T1w,1
sub-032633_ses-007_run-1_T1w,1
sub-032633_ses-008_run-1_T1w,1
sub-032633_ses-009_run-1_T1w,1
sub-032633_ses-010_run-1_T1w,1
sub-032633_ses-011_run-1_T1w,1
sub-032633_ses-011_run-2_T1w,1
sub-032633_ses-012_run-1_T1w,1
sub-032633_ses-013_run-1_T1w,1
sub-032633_ses-014_run-1_T1w,1
sub-032633_ses-015_run-1_T1w,1
sub-032633_ses-016_run-1_T1w,1
sub-032633_ses-017_run-1_T1w,1
sub-032633_ses-018_run-1_T1w,1
sub-032633_ses-019_run-1_T1w,1
sub-032633_ses-020_run-1_T1w,1
sub-032633_ses-021_run-1_T1w,1
sub-032633_ses-022_run-1_T1w,1
sub-032633_ses-023_run-1_T1w,2
sub-032633_ses-024_run-1_T1w,2
sub-032633_ses-025_run-1_T1w,1
sub-032633_ses-026_run-1_T1w,3
sub-032633_ses-027_run-1_T1w,1
sub-032633_ses-028_run-1_T1w,1
sub-032633_ses-029_acq-dirWMCube_run-1_T1w,6
sub-032633_ses-029_acq-T1Cube_run-1_T1w,4
sub-032633_ses-029_acq-T1Cube_run-2_T1w,5
sub-032633_ses-029_run-1_T1w,5
sub-032633_ses-029_run-2_T1w,5
sub-032633_ses-030_acq-32channel_run-2_T1w,1
sub-032633_ses-030_acq-32channel_run-3_T1w,1
sub-032633_ses-030_run-1_T1w,1
sub-032633_ses-031_run-1_T1w,1
sub-032633_ses-032_acq-08iso_run-2_T1w,1
sub-032633_ses-032_acq-10iso_run-1_T1w,1
sub-032633_ses-033_acq-08iso_run-2_T1w,1
sub-032633_ses-033_acq-10iso_run-1_T1w,1
sub-032633_ses-034_acq-08iso_run-1_T1w,1
sub-032633_ses-035_run-1_T1w,1
sub-032633_ses-036_run-1_T1w,1
sub-032633_ses-036_run-2_T1w,1
sub-032633_ses-036_run-3_T1w,1
sub-032633_ses-036_run-4_T1w,1
sub-032633_ses-036_run-5_T1w,1
sub-032633_ses-037_run-1_T1w,2
sub-032633_ses-038_run-1_T1w,1
sub-032633_ses-039_run-1_T1w,1
sub-032633_ses-040_run-1_T1w,1
sub-032633_ses-041_run-1_T1w,1
sub-032633_ses-042_run-1_T1w,1
sub-032633_ses-042_run-2_T1w,1
sub-032633_ses-043_run-1_T1w,1
sub-032633_ses-044_run-1_T1w,1
sub-032633_ses-044_run-2_T1w,1
sub-032633_ses-044_run-3_T1w,1
sub-032633_ses-045_run-1_T1w,1
sub-032633_ses-045_run-2_T1w,1
sub-032633_ses-046_run-1_T1w,1
sub-032633_ses-046_run-2_T1w,1
sub-032633_ses-046_run-3_T1w,1
sub-032633_ses-047_run-1_T1w,1
sub-032633_ses-048_acq-transverse_run-3_T1w,5
sub-032633_ses-048_run-1_T1w,5
sub-032633_ses-048_run-2_T1w,1
sub-032633_ses-049_run-1_T1w,1
sub-032633_ses-050_run-1_T1w,1
sub-032633_ses-051_run-1_T1w,1
sub-032633_ses-051_run-2_T1w,1
sub-032633_ses-052_run-1_T1w,1
sub-032633_ses-053_run-1_T1w,4
sub-032633_ses-054_run-1_T1w,1
sub-032633_ses-055_run-1_T1w,1
sub-032633_ses-056_run-1_T1w,1
sub-032633_ses-057_run-1_T1w,1
sub-032633_ses-058_run-1_T1w,1
sub-032633_ses-059_run-1_T1w,1
sub-032633_ses-060_run-1_T1w,1
sub-032633_ses-061_run-1_T1w,1
sub-032633_ses-061_run-2_T1w,4
sub-032633_ses-062_run-1_T1w,1
sub-032633_ses-063_run-1_T1w,1
sub-032633_ses-064_run-1_T1w,3
sub-032633_ses-065_run-1_T1w,1
sub-032633_ses-066_run-1_T1w,1
sub-032633_ses-067_run-1_T1w,1
sub-032633_ses-068_run-1_T1w,1
sub-032633_ses-069_run-1_T1w,1
sub-032633_ses-070_run-1_T1w,1
sub-032633_ses-071_run-1_T1w,1
sub-032633_ses-072_run-1_T1w,4
sub-032633_ses-073_run-1_T1w,1
sub-25632_ses-1_T1w,3
sub-25632_ses-2_T1w,1
sub-25632_ses-3_T1w,3
sub-25633_ses-1_T1w,1
sub-25633_ses-2_T1w,1
sub-25633_ses-3_T1w,1
sub-25634_ses-1_T1w,1
sub-25634_ses-2_T1w,1
sub-25635_ses-1_T1w,1
sub-25635_ses-2_T1w,1
sub-25635_ses-3_T1w,1
sub-25636_ses-1_T1w,1
sub-25636_ses-2_T1w,1
sub-25637_ses-1_T1w,1
sub-25637_ses-2_T1w,2
sub-25637_ses-3_T1w,1
sub-25638_ses-1_T1w,1
sub-25638_ses-2_T1w,1
sub-25639_ses-2_T1w,1
sub-25640_ses-1_T1w,1
sub-25640_ses-2_T1w,1
sub-25641_ses-1_T1w,1
sub-25641_ses-2_T1w,1
sub-25642_ses-1_T1w,1
sub-25642_ses-2_T1w,1
sub-25642_ses-3_T1w,2
sub-25643_ses-1_T1w,1
sub-25643_ses-2_T1w,1
sub-25644_ses-1_T1w,1
sub-25644_ses-2_T1w,1
sub-25644_ses-3_T1w,1
sub-25645_ses-1_T1w,1
sub-25645_ses-2_T1w,1
sub-25646_ses-1_T1w,2
sub-25646_ses-2_T1w,1
sub-25646_ses-3_T1w,1
sub-25647_ses-1_T1w,2
sub-25647_ses-2_T1w,1
sub-25647_ses-3_T1w,2
sub-25648_ses-1_T1w,1
sub-25648_ses-2_T1w,1
sub-25649_ses-1_T1w,1
sub-25649_ses-2_T1w,1
sub-25650_ses-1_T1w,4
sub-25650_ses-2_T1w,1
sub-25651_ses-1_T1w,1
sub-25651_ses-2_T1w,1
sub-25652_ses-1_T1w,1
sub-25652_ses-2_T1w,1
sub-25652_ses-3_T1w,1
sub-25653_ses-1_T1w,1
sub-25653_ses-2_T1w,1
sub-25654_ses-1_T1w,1
sub-25654_ses-2_T1w,1
sub-25655_ses-1_T1w,1
sub-25655_ses-2_T1w,1
sub-25656_ses-1_T1w,1
sub-25656_ses-2_T1w,1
sub-25657_ses-1_T1w,1
sub-25657_ses-2_T1w,1
sub-25658_ses-1_T1w,1
sub-25658_ses-2_T1w,1
sub-25659_ses-1_T1w,1
sub-25659_ses-2_T1w,1
sub-25659_ses-3_T1w,1
sub-25660_ses-1_T1w,1
sub-25660_ses-2_T1w,1
sub-25660_ses-3_T1w,1
sub-25661_ses-1_T1w,1
sub-25661_ses-2_T1w,1
sub-25661_ses-3_T1w,1
sub-25662_ses-1_T1w,1
sub-25662_ses-2_T1w,1
sub-25662_ses-3_T1w,4
sub-25663_ses-1_T1w,1
sub-25663_ses-2_T1w,1
sub-25664_ses-1_T1w,1
sub-25664_ses-2_T1w,1
sub-25665_ses-1_T1w,1
sub-25665_ses-2_T1w,1
sub-25665_ses-3_T1w,1
sub-25666_ses-1_T1w,1
sub-25666_ses-2_T1w,1
sub-25666_ses-3_T1w,1
sub-25667_ses-1_T1w,1
sub-25667_ses-2_T1w,1
sub-25667_ses-3_T1w,1
sub-25668_ses-1_T1w,1
sub-25668_ses-2_T1w,1
sub-25668_ses-3_T1w,1
sub-25669_ses-1_T1w,1
sub-25669_ses-2_T1w,1
sub-25669_ses-3_T1w,1
sub-25670_ses-1_T1w,1
sub-25670_ses-2_T1w,1
sub-25671_ses-1_T1w,1
sub-25671_ses-2_T1w,1
sub-25672_ses-1_T1w,1
sub-25672_ses-2_T1w,1
sub-25672_ses-3_T1w,1
sub-25673_ses-1_T1w,1
sub-25673_ses-2_T1w,1
sub-25674_ses-1_T1w,1
sub-25674_ses-2_T1w,1
sub-25675_ses-1_T1w,1
sub-25675_ses-2_T1w,1
sub-25676_ses-1_T1w,1
sub-25676_ses-2_T1w,1
sub-25677_ses-1_T1w,1
sub-25677_ses-2_T1w,1
sub-25678_ses-1_T1w,1
sub-25678_ses-2_T1w,1
sub-25679_ses-1_T1w,1
sub-25679_ses-2_T1w,1
sub-25680_ses-1_T1w,2
sub-25680_ses-2_T1w,1
sub-25680_ses-3_T1w,1
sub-25681_ses-1_T1w,1
sub-25681_ses-2_T1w,1
sub-25681_ses-3_T1w,4
sub-25682_ses-1_T1w,1
sub-25682_ses-2_T1w,1
sub-25683_ses-1_T1w,1
sub-25683_ses-2_T1w,1
sub-25684_ses-1_T1w,1
sub-25684_ses-2_T1w,1
sub-25684_ses-3_T1w,1
sub-25685_ses-1_T1w,1
sub-25685_ses-2_T1w,1
sub-25686_ses-1_T1w,1
sub-25686_ses-2_T1w,1
sub-25687_ses-1_T1w,1
sub-25687_ses-2_T1w,1
sub-25687_ses-3_T1w,3
sub-25688_ses-1_T1w,1
sub-25688_ses-2_T1w,1
sub-25688_ses-3_T1w,1
sub-25689_ses-1_T1w,1
sub-25689_ses-2_T1w,1
sub-25690_ses-1_T1w,1
sub-25690_ses-2_T1w,1
sub-25691_ses-1_T1w,1
sub-25691_ses-2_T1w,1
sub-25691_ses-3_T1w,1
sub-25692_ses-1_T1w,1
sub-25692_ses-2_T1w,1
sub-25693_ses-1_T1w,2
sub-25693_ses-2_T1w,1
sub-25694_ses-1_T1w,1
sub-25694_ses-2_T1w,1
sub-25695_ses-1_T1w,1
sub-25695_ses-2_T1w,1
sub-25695_ses-3_T1w,1
sub-25696_ses-1_T1w,4
sub-25696_ses-2_T1w,1
sub-25697_ses-1_T1w,1
sub-25697_ses-2_T1w,2
sub-25697_ses-3_T1w,1
sub-25698_ses-1_T1w,1
sub-25698_ses-2_T1w,1
sub-25698_ses-3_T1w,1
sub-25699_ses-1_T1w,4
sub-25699_ses-2_T1w,1
sub-25699_ses-3_T1w,1
sub-25700_ses-1_T1w,1
sub-25700_ses-2_T1w,1
sub-25701_ses-1_T1w,4
sub-25701_ses-2_T1w,1
sub-25702_ses-1_T1w,1
sub-25702_ses-2_T1w,1
sub-25703_ses-1_T1w,1
sub-25703_ses-2_T1w,1
sub-25704_ses-1_T1w,1
sub-25704_ses-2_T1w,1
sub-25705_ses-1_T1w,1
sub-25705_ses-2_T1w,1
sub-25705_ses-3_T1w,1
sub-25706_ses-1_T1w,1
sub-25706_ses-2_T1w,1
sub-25707_ses-1_T1w,1
sub-25707_ses-2_T1w,1
sub-25707_ses-3_T1w,1
sub-25708_ses-1_T1w,1
sub-25708_ses-2_T1w,1
sub-25709_ses-1_T1w,1
sub-25709_ses-2_T1w,1
sub-25710_ses-1_T1w,1
sub-25710_ses-2_T1w,1
sub-25710_ses-3_T1w,2
sub-25711_ses-1_T1w,1
sub-25711_ses-2_T1w,1
sub-25711_ses-3_T1w,1
sub-25712_ses-1_T1w,1
sub-25712_ses-2_T1w,1
sub-25712_ses-3_T1w,1
sub-25713_ses-1_T1w,1
sub-25713_ses-2_T1w,1
sub-25713_ses-3_T1w,2
sub-25714_ses-1_T1w,1
sub-25714_ses-2_T1w,4
sub-25715_ses-1_T1w,1
sub-25715_ses-2_T1w,1
sub-25715_ses-3_T1w,1
sub-25716_ses-1_T1w,1
sub-25716_ses-2_T1w,1
sub-25716_ses-3_T1w,1
sub-25717_ses-1_T1w,1
sub-25717_ses-2_T1w,1
sub-25718_ses-1_T1w,1
sub-25718_ses-2_T1w,1
sub-25718_ses-3_T1w,1
sub-25719_ses-1_T1w,1
sub-25719_ses-2_T1w,1
sub-25719_ses-3_T1w,1
sub-25720_ses-1_T1w,1
sub-25720_ses-2_T1w,1
sub-25720_ses-3_T1w,1
sub-25721_ses-1_T1w,1
sub-25721_ses-2_T1w,1
sub-25721_ses-3_T1w,1
sub-25722_ses-1_T1w,1
sub-25722_ses-2_T1w,1
sub-25723_ses-1_T1w,1
sub-25723_ses-2_T1w,1
sub-25724_ses-1_T1w,1
sub-25724_ses-2_T1w,1
sub-25724_ses-3_T1w,1
sub-25725_ses-1_T1w,1
sub-25725_ses-2_T1w,1
sub-25726_ses-1_T1w,1
sub-25726_ses-2_T1w,1
sub-25727_ses-1_T1w,1
sub-25727_ses-2_T1w,1
sub-25728_ses-1_T1w,1
sub-25728_ses-2_T1w,1
sub-25729_ses-1_T1w,1
sub-25729_ses-2_T1w,4
sub-25730_ses-1_T1w,1
sub-25730_ses-2_T1w,1
sub-25730_ses-3_T1w,1
sub-25731_ses-1_T1w,1
sub-25731_ses-2_T1w,1
sub-25732_ses-1_T1w,1
sub-25732_ses-2_T1w,1
sub-25733_ses-1_T1w,1
sub-25733_ses-2_T1w,1
sub-25733_ses-3_T1w,1
sub-25734_ses-1_T1w,1
sub-25734_ses-2_T1w,1
sub-25734_ses-3_T1w,1
sub-25735_ses-1_T1w,1
sub-25735_ses-2_T1w,1
sub-25736_ses-1_T1w,2
sub-25736_ses-2_T1w,1
sub-25737_ses-1_T1w,1
sub-25737_ses-2_T1w,1
sub-25738_ses-1_T1w,1
sub-25738_ses-2_T1w,1
sub-25739_ses-1_T1w,1
sub-25739_ses-2_T1w,1
sub-25740_ses-1_T1w,1
sub-25740_ses-2_T1w,1
sub-25741_ses-1_T1w,1
sub-25741_ses-2_T1w,1
sub-25742_ses-1_T1w,1
sub-25742_ses-2_T1w,1
sub-25742_ses-3_T1w,4
sub-25743_ses-1_T1w,1
sub-25743_ses-2_T1w,1
sub-25743_ses-3_T1w,1
sub-25744_ses-1_T1w,1
sub-25744_ses-2_T1w,1
sub-25744_ses-3_T1w,1
sub-25745_ses-1_T1w,1
sub-25745_ses-2_T1w,1
sub-25746_ses-2_T1w,1
sub-25747_ses-1_T1w,1
sub-25747_ses-2_T1w,1
sub-25748_ses-1_T1w,1
sub-25748_ses-2_T1w,1
sub-25748_ses-3_T1w,1
sub-25749_ses-1_T1w,1
sub-25749_ses-2_T1w,1
sub-25749_ses-3_T1w,1
sub-25750_ses-1_T1w,1
sub-25750_ses-2_T1w,1
sub-25751_ses-1_T1w,1
sub-25751_ses-2_T1w,1
sub-25752_ses-1_T1w,1
sub-25752_ses-2_T1w,1
sub-25753_ses-1_T1w,1
sub-25753_ses-2_T1w,1
sub-25753_ses-3_T1w,1
sub-25754_ses-1_T1w,1
sub-25754_ses-2_T1w,1
sub-25754_ses-3_T1w,1
sub-25755_ses-1_T1w,2
sub-25756_ses-1_T1w,1
sub-25756_ses-2_T1w,1
sub-25757_ses-1_T1w,1
sub-25757_ses-2_T1w,1
sub-25757_ses-3_T1w,1
sub-25758_ses-1_T1w,1
sub-25758_ses-2_T1w,1
sub-25759_ses-1_T1w,1
sub-25759_ses-2_T1w,1
sub-25760_ses-1_T1w,1
sub-25760_ses-2_T1w,4
sub-25761_ses-1_T1w,1
sub-25761_ses-2_T1w,1
sub-25761_ses-3_T1w,1
sub-25762_ses-1_T1w,1
sub-25762_ses-2_T1w,1
sub-25763_ses-1_T1w,4
sub-25763_ses-2_T1w,1
sub-25763_ses-3_T1w,1
sub-25764_ses-1_T1w,1
sub-25764_ses-2_T1w,1
sub-25765_ses-1_T1w,1
sub-25765_ses-2_T1w,1
sub-25765_ses-3_T1w,1
sub-25766_ses-1_T1w,1
sub-25766_ses-2_T1w,1
sub-25766_ses-3_T1w,1
sub-25767_ses-1_T1w,1
sub-25767_ses-2_T1w,1
sub-25768_ses-1_T1w,1
sub-25768_ses-2_T1w,1
sub-25768_ses-3_T1w,1
sub-25769_ses-1_T1w,1
sub-25769_ses-2_T1w,1
sub-25769_ses-3_T1w,1
sub-25770_ses-1_T1w,1
sub-25770_ses-2_T1w,1
sub-25771_ses-1_T1w,1
sub-25771_ses-2_T1w,1
sub-25771_ses-3_T1w,3
sub-25772_ses-1_T1w,1
sub-25772_ses-2_T1w,1
sub-25772_ses-3_T1w,2
sub-25773_ses-1_T1w,1
sub-25773_ses-2_T1w,1
sub-25773_ses-3_T1w,1
sub-25774_ses-1_T1w,1
sub-25774_ses-2_T1w,1
sub-25775_ses-1_T1w,1
sub-25775_ses-2_T1w,1
sub-25776_ses-1_T1w,1
sub-25776_ses-2_T1w,1
sub-25776_ses-3_T1w,1
sub-25777_ses-1_T1w,1
sub-25777_ses-2_T1w,1
sub-25777_ses-3_T1w,1
sub-25778_ses-1_T1w,1
sub-25778_ses-2_T1w,1
sub-25779_ses-1_T1w,1
sub-25779_ses-2_T1w,1
sub-25779_ses-3_T1w,1
sub-25780_ses-1_T1w,1
sub-25780_ses-2_T1w,1
sub-25780_ses-3_T1w,1
sub-25781_ses-1_T1w,1
sub-25781_ses-2_T1w,1
sub-25781_ses-3_T1w,1
sub-25782_ses-1_T1w,1
sub-25782_ses-2_T1w,1
sub-25782_ses-3_T1w,4
sub-25783_ses-1_T1w,1
sub-25783_ses-2_T1w,1
sub-25783_ses-3_T1w,1
sub-25784_ses-1_T1w,1
sub-25784_ses-2_T1w,1
sub-25784_ses-3_T1w,1
sub-25785_ses-1_T1w,1
sub-25785_ses-2_T1w,1
sub-25785_ses-3_T1w,1
sub-25786_ses-1_T1w,1
sub-25786_ses-2_T1w,1
sub-25787_ses-1_T1w,1
sub-25787_ses-2_T1w,1
sub-25788_ses-1_T1w,1
sub-25788_ses-2_T1w,1
sub-25788_ses-3_T1w,1
sub-25789_ses-2_T1w,1
sub-25790_ses-2_T1w,1
sub-25791_ses-2_T1w,1
sub-25792_ses-2_T1w,1
sub-25793_ses-2_T1w,1
sub-25794_ses-1_T1w,1
sub-25794_ses-2_T1w,1
sub-25794_ses-3_T1w,1
sub-25795_ses-1_T1w,1
sub-25795_ses-2_T1w,1
sub-25795_ses-3_T1w,1
sub-25796_ses-1_T1w,1
sub-25796_ses-2_T1w,1
sub-25796_ses-3_T1w,1
sub-25797_ses-1_T1w,1
sub-25797_ses-2_T1w,1
sub-25797_ses-3_T1w,1
sub-25798_ses-1_T1w,1
sub-25798_ses-2_T1w,1
sub-25798_ses-3_T1w,3
sub-25799_ses-1_T1w,1
sub-25799_ses-2_T1w,1
sub-25799_ses-3_T1w,1
sub-25800_ses-1_T1w,1
sub-25800_ses-2_T1w,1
sub-25800_ses-3_T1w,1
sub-25801_ses-2_T1w,1
sub-25801_ses-3_T1w,1
sub-25802_ses-1_T1w,1
sub-25802_ses-2_T1w,1
sub-25803_ses-1_T1w,1
sub-25803_ses-2_T1w,1
sub-25804_ses-1_T1w,1
sub-25804_ses-2_T1w,1
sub-25805_ses-1_T1w,1
sub-25805_ses-2_T1w,3
sub-25805_ses-3_T1w,1
sub-25806_ses-1_T1w,1
sub-25806_ses-2_T1w,1
sub-25806_ses-3_T1w,1
sub-25807_ses-1_T1w,1
sub-25807_ses-2_T1w,1
sub-25807_ses-3_T1w,1
sub-25808_ses-1_T1w,1
sub-25808_ses-2_T1w,1
sub-25808_ses-3_T1w,1
sub-25809_ses-1_T1w,1
sub-25809_ses-2_T1w,1
sub-25809_ses-3_T1w,1
sub-25810_ses-1_T1w,1
sub-25810_ses-2_T1w,1
sub-25810_ses-3_T1w,4
sub-25811_ses-1_T1w,1
sub-25811_ses-2_T1w,1
sub-25812_ses-1_T1w,1
sub-25812_ses-2_T1w,1
sub-25812_ses-3_T1w,1
sub-25813_ses-1_T1w,1
sub-25813_ses-2_T1w,1
sub-25813_ses-3_T1w,1
sub-25814_ses-1_T1w,1
sub-25814_ses-2_T1w,1
sub-25814_ses-3_T1w,1
sub-25815_ses-1_T1w,1
sub-25815_ses-2_T1w,1
sub-25815_ses-3_T1w,1
sub-25816_ses-1_T1w,1
sub-25816_ses-2_T1w,1
sub-25816_ses-3_T1w,1
sub-25817_ses-1_T1w,1
sub-25817_ses-2_T1w,1
sub-25818_ses-1_T1w,1
sub-25818_ses-2_T1w,2
sub-25819_ses-1_T1w,1
sub-25819_ses-2_T1w,2
sub-25819_ses-3_T1w,1
sub-25820_ses-1_T1w,4
sub-25820_ses-2_T1w,3
sub-25820_ses-3_T1w,3
sub-25821_ses-1_T1w,1
sub-25821_ses-2_T1w,1
sub-25821_ses-3_T1w,1
sub-25822_ses-1_T1w,1
sub-25822_ses-2_T1w,1
sub-25822_ses-3_T1w,1
sub-25823_ses-1_T1w,1
sub-25823_ses-2_T1w,1
sub-25824_ses-1_T1w,1
sub-25824_ses-2_T1w,1
sub-25824_ses-3_T1w,1
sub-25825_ses-1_T1w,1
sub-25825_ses-2_T1w,1
sub-25826_ses-1_T1w,1
sub-25826_ses-2_T1w,1
sub-25827_ses-1_T1w,1
sub-25827_ses-2_T1w,5
sub-25827_ses-3_T1w,1
sub-25828_ses-1_T1w,3
sub-25828_ses-2_T1w,4
sub-25828_ses-3_T1w,5
sub-25829_ses-1_T1w,1
sub-25829_ses-2_T1w,1
sub-25830_ses-1_T1w,1
sub-25830_ses-2_T1w,1
sub-25831_ses-1_T1w,1
sub-25831_ses-2_T1w,1
sub-25832_ses-1_T1w,1
sub-25832_ses-2_T1w,1
sub-25832_ses-3_T1w,4
sub-25833_ses-1_T1w,1
sub-25833_ses-2_T1w,1
sub-25834_ses-1_T1w,1
sub-25834_ses-2_T1w,1
sub-25835_ses-1_T1w,1
sub-25835_ses-2_T1w,1
sub-25835_ses-3_T1w,1
sub-25836_ses-1_T1w,1
sub-25836_ses-2_T1w,1
sub-25836_ses-3_T1w,1
sub-25837_ses-1_T1w,1
sub-25837_ses-2_T1w,1
sub-25837_ses-3_T1w,1
sub-25838_ses-1_T1w,4
sub-25838_ses-2_T1w,1
sub-25838_ses-3_T1w,1
sub-25839_ses-1_T1w,1
sub-25839_ses-2_T1w,4
sub-25839_ses-3_T1w,1
sub-25840_ses-1_T1w,1
sub-25840_ses-2_T1w,1
sub-25841_ses-1_T1w,1
sub-25841_ses-2_T1w,1
sub-25842_ses-1_T1w,1
sub-25842_ses-2_T1w,1
sub-25843_ses-1_T1w,1
sub-25843_ses-2_T1w,1
sub-25844_ses-1_T1w,1
sub-25844_ses-2_T1w,1
sub-25844_ses-3_T1w,4
sub-25845_ses-1_T1w,1
sub-25845_ses-2_T1w,1
sub-25845_ses-3_T1w,1
sub-25846_ses-1_T1w,1
sub-25846_ses-2_T1w,1
sub-25847_ses-1_T1w,1
sub-25847_ses-2_T1w,2
sub-25847_ses-3_T1w,4
sub-25848_ses-1_T1w,1
sub-25848_ses-2_T1w,1
sub-25848_ses-3_T1w,2
sub-25849_ses-1_T1w,1
sub-25849_ses-2_T1w,1
sub-25849_ses-3_T1w,1
sub-25850_ses-1_T1w,1
sub-25850_ses-2_T1w,1
sub-25850_ses-3_T1w,1
sub-25851_ses-1_T1w,1
sub-25851_ses-2_T1w,1
sub-25851_ses-3_T1w,1
sub-25852_ses-1_T1w,1
sub-25852_ses-2_T1w,1
sub-25852_ses-3_T1w,2
sub-25853_ses-1_T1w,1
sub-25853_ses-2_T1w,1
sub-25853_ses-3_T1w,1
sub-25854_ses-1_T1w,1
sub-25854_ses-2_T1w,1
sub-25854_ses-3_T1w,3
sub-25855_ses-1_T1w,2
sub-25855_ses-2_T1w,1
sub-25855_ses-3_T1w,1
sub-25856_ses-1_T1w,1
sub-25856_ses-2_T1w,1
sub-25857_ses-1_T1w,1
sub-25857_ses-2_T1w,1
sub-25857_ses-3_T1w,1
sub-25858_ses-1_T1w,1
sub-25858_ses-2_T1w,1
sub-25858_ses-3_T1w,1
sub-25859_ses-1_T1w,1
sub-25859_ses-2_T1w,1
sub-25859_ses-3_T1w,1
sub-25860_ses-1_T1w,1
sub-25860_ses-2_T1w,1
sub-25860_ses-3_T1w,1
sub-25861_ses-1_T1w,1
sub-25861_ses-2_T1w,1
sub-25861_ses-3_T1w,1
sub-25862_ses-1_T1w,1
sub-25862_ses-2_T1w,1
sub-25863_ses-1_T1w,1
sub-25863_ses-2_T1w,1
sub-25863_ses-3_T1w,1
sub-30699_ses-1_T1w,
sub-30699_ses-3_T1w,
sub-30700_ses-1_T1w,
sub-30702_ses-1_T1w,1
sub-30703_ses-1_T1w,1
sub-30704_ses-1_T1w,1
sub-30704_ses-3_T1w,1
sub-30705_ses-1_T1w,1
sub-30705_ses-3_T1w,1
sub-30706_ses-1_T1w,1
sub-30707_ses-1_T1w,1
sub-30707_ses-3_T1w,1
sub-30708_ses-1_T1w,1
sub-30708_ses-3_T1w,1
sub-30709_ses-1_T1w,1
sub-30710_ses-1_T1w,1
sub-30710_ses-3_T1w,1
sub-30711_ses-1_T1w,1
sub-30712_ses-1_T1w,1
sub-30713_ses-1_T1w,1
sub-30714_ses-1_T1w,1
sub-30714_ses-3_T1w,1
sub-30715_ses-1_T1w,1
sub-30716_ses-1_T1w,4
sub-30717_ses-1_T1w,1
sub-30718_ses-1_T1w,1
sub-30719_ses-1_T1w,1
sub-30720_ses-1_T1w,1
sub-30721_ses-1_T1w,1
sub-30722_ses-1_T1w,1
sub-30722_ses-3_T1w,1
sub-30723_ses-1_T1w,5
sub-30724_ses-1_T1w,1
sub-30724_ses-3_T1w,1
sub-30725_ses-1_T1w,1
sub-30726_ses-1_T1w,1
sub-30726_ses-3_T1w,1
sub-30727_ses-1_T1w,1
sub-30728_ses-1_T1w,1
sub-30729_ses-1_T1w,1
sub-30730_ses-1_T1w,1
sub-30731_ses-1_T1w,4
sub-30732_ses-1_T1w,1
sub-30733_ses-1_T1w,1
sub-30733_ses-3_T1w,1
sub-30734_ses-1_T1w,1
sub-30735_ses-1_T1w,1
sub-30736_ses-1_T1w,1
sub-30737_ses-1_T1w,3
sub-30738_ses-1_T1w,1
sub-30739_ses-1_T1w,1
sub-30739_ses-3_T1w,1
sub-30740_ses-1_T1w,1
sub-30740_ses-3_T1w,4
sub-30741_ses-1_T1w,1
sub-30742_ses-1_T1w,1
sub-30743_ses-1_T1w,1
sub-30744_ses-1_T1w,1
sub-30744_ses-3_T1w,1
sub-30745_ses-2_T1w,1
sub-30746_ses-2_T1w,4
sub-30747_ses-1_T1w,1
sub-30748_ses-1_T1w,1
sub-30749_ses-1_T1w,1
sub-30750_ses-1_T1w,4
sub-30750_ses-3_T1w,1
sub-30751_ses-1_T1w,1
sub-30751_ses-3_T1w,1
sub-30752_ses-2_T1w,3
sub-30753_ses-1_T1w,1
sub-30753_ses-3_T1w,1
sub-30754_ses-1_T1w,1
sub-30755_ses-1_T1w,1
sub-30755_ses-3_T1w,1
sub-30756_ses-1_T1w,1
sub-30756_ses-3_T1w,3
sub-30757_ses-1_T1w,2
sub-30757_ses-3_T1w,2
sub-30758_ses-1_T1w,1
sub-30758_ses-3_T1w,1
sub-30759_ses-1_T1w,1
sub-30759_ses-3_T1w,4
sub-30760_ses-1_T1w,1
sub-30761_ses-1_T1w,1
sub-30762_ses-1_T1w,1
sub-30762_ses-3_T1w,1
sub-30763_ses-1_T1w,1
sub-30763_ses-3_T1w,1
sub-30764_ses-1_T1w,1
sub-30764_ses-3_T1w,1
sub-30765_ses-1_T1w,1
sub-30765_ses-3_T1w,3
sub-30766_ses-1_T1w,1
sub-30766_ses-3_T1w,1
sub-30767_ses-1_T1w,4
sub-30768_ses-1_T1w,1
sub-30768_ses-3_T1w,1
sub-30769_ses-1_T1w,1
sub-30770_ses-1_T1w,1
sub-30770_ses-3_T1w,1
sub-30771_ses-1_T1w,1
sub-30772_ses-1_T1w,2
sub-30772_ses-3_T1w,1
sub-30773_ses-1_T1w,1
sub-30774_ses-1_T1w,1
sub-30775_ses-1_T1w,1
sub-30776_ses-1_T1w,1
sub-30776_ses-3_T1w,1
sub-30777_ses-1_T1w,1
sub-30778_ses-1_T1w,1
sub-30778_ses-3_T1w,1
sub-30779_ses-1_T1w,1
sub-30780_ses-1_T1w,1
sub-30780_ses-3_T1w,4
sub-30781_ses-1_T1w,1
sub-30781_ses-3_T1w,1
sub-30782_ses-1_T1w,1
sub-30783_ses-1_T1w,1
sub-30784_ses-1_T1w,1
sub-30785_ses-1_T1w,1
sub-30785_ses-3_T1w,1
sub-30786_ses-1_T1w,1
sub-30787_ses-1_T1w,1
sub-30788_ses-1_T1w,1
sub-30789_ses-1_T1w,1
sub-30790_ses-1_T1w,1
sub-30791_ses-1_T1w,1
sub-30791_ses-3_T1w,1
sub-30792_ses-1_T1w,1
sub-30793_ses-1_T1w,1
sub-30794_ses-1_T1w,1
sub-30795_ses-1_T1w,1
sub-30796_ses-1_T1w,1
sub-30796_ses-3_T1w,1
sub-30797_ses-1_T1w,1
sub-30798_ses-1_T1w,1
sub-30799_ses-1_T1w,1
sub-30800_ses-1_T1w,1
sub-30801_ses-1_T1w,1
sub-30802_ses-1_T1w,1
sub-30802_ses-3_T1w,1
sub-30803_ses-1_T1w,1
sub-30804_ses-1_T1w,1
sub-30805_ses-1_T1w,1
sub-30806_ses-1_T1w,1
sub-30807_ses-1_T1w,1
sub-30808_ses-1_T1w,1
sub-30809_ses-1_T1w,1
sub-30810_ses-1_T1w,1
sub-30811_ses-1_T1w,1
sub-30812_ses-1_T1w,1
sub-30813_ses-1_T1w,1
sub-30814_ses-1_T1w,1
sub-30815_ses-1_T1w,1
sub-30815_ses-3_T1w,1
sub-30816_ses-1_T1w,1
sub-30816_ses-3_T1w,1
sub-30817_ses-1_T1w,1
sub-30817_ses-3_T1w,1
sub-30818_ses-1_T1w,1
sub-30819_ses-1_T1w,1
sub-30819_ses-3_T1w,1
sub-30820_ses-1_T1w,1
sub-30821_ses-1_T1w,1
sub-30821_ses-3_T1w,1
sub-30822_ses-1_T1w,1
sub-30822_ses-3_T1w,1
sub-30823_ses-1_T1w,1
sub-30824_ses-1_T1w,1
sub-30825_ses-1_T1w,1
sub-30826_ses-1_T1w,1
sub-30827_ses-1_T1w,1
sub-30828_ses-1_T1w,1
sub-30829_ses-1_T1w,1
sub-30829_ses-3_T1w,1
sub-30830_ses-1_T1w,1
sub-30831_ses-1_T1w,1
sub-30832_ses-1_T1w,1
sub-30833_ses-1_T1w,1
sub-30834_ses-1_T1w,1
sub-30835_ses-1_T1w,1
sub-30836_ses-1_T1w,1
sub-30836_ses-3_T1w,1
sub-30837_ses-1_T1w,1
sub-30838_ses-1_T1w,1
sub-30839_ses-1_T1w,3
sub-30840_ses-1_T1w,1
sub-30841_ses-1_T1w,1
sub-30841_ses-3_T1w,1
sub-30842_ses-1_T1w,1
sub-30843_ses-1_T1w,1
sub-30844_ses-1_T1w,1
sub-30845_ses-1_T1w,1
sub-30846_ses-1_T1w,1
sub-30846_ses-3_T1w,1
sub-30847_ses-1_T1w,4
sub-30848_ses-1_T1w,1
sub-30849_ses-1_T1w,1
sub-30850_ses-1_T1w,1
sub-30851_ses-1_T1w,1
sub-30852_ses-1_T1w,1
sub-30853_ses-1_T1w,1
sub-30854_ses-1_T1w,1
sub-30855_ses-1_T1w,1
sub-30856_ses-1_T1w,1
sub-30856_ses-3_T1w,1
sub-30857_ses-1_T1w,1
sub-30858_ses-1_T1w,1
sub-30859_ses-1_T1w,1
sub-30860_ses-1_T1w,4
sub-30861_ses-1_T1w,1
sub-30861_ses-3_T1w,1
sub-30862_ses-1_T1w,1
sub-30863_ses-1_T1w,1
sub-30863_ses-3_T1w,1
sub-30864_ses-1_T1w,1
sub-30865_ses-1_T1w,1
sub-30866_ses-1_T1w,1
sub-30867_ses-1_T1w,1
sub-30868_ses-1_T1w,1
sub-30869_ses-1_T1w,1
sub-30870_ses-1_T1w,1
sub-30871_ses-1_T1w,1
sub-30872_ses-1_T1w,1
sub-30872_ses-3_T1w,2
sub-30873_ses-1_T1w,1
sub-30874_ses-1_T1w,1
sub-30875_ses-1_T1w,1
sub-30876_ses-1_T1w,1
sub-30877_ses-1_T1w,1
sub-30878_ses-1_T1w,2
sub-30879_ses-1_T1w,1
sub-30880_ses-1_T1w,1
sub-30881_ses-1_T1w,1
sub-30882_ses-1_T1w,1
sub-30882_ses-3_T1w,1
sub-30883_ses-1_T1w,1
sub-30883_ses-3_T1w,1
sub-30884_ses-1_T1w,1
sub-30885_ses-1_T1w,1
sub-30885_ses-3_T1w,3
sub-30886_ses-1_T1w,1
sub-30887_ses-1_T1w,1
sub-30887_ses-3_T1w,1
sub-30888_ses-1_T1w,2
sub-30889_ses-1_T1w,1
sub-30890_ses-1_T1w,1
sub-30891_ses-1_T1w,1
sub-30892_ses-1_T1w,1
sub-30893_ses-1_T1w,1
sub-30894_ses-1_T1w,1
sub-30894_ses-3_T1w,1
sub-30895_ses-1_T1w,1
sub-30896_ses-1_T1w,1
sub-30897_ses-1_T1w,1
sub-30898_ses-1_T1w,1
sub-30899_ses-1_T1w,1
sub-30900_ses-1_T1w,1
sub-30900_ses-3_T1w,1
sub-30901_ses-1_T1w,1
sub-30902_ses-1_T1w,1
sub-30903_ses-1_T1w,1
sub-30904_ses-1_T1w,2
sub-30904_ses-3_T1w,2
sub-30905_ses-1_T1w,1
sub-30906_ses-1_T1w,1
sub-30907_ses-1_T1w,1
sub-30908_ses-1_T1w,1
sub-30908_ses-3_T1w,1
sub-30909_ses-1_T1w,1
sub-30909_ses-3_T1w,1
sub-30910_ses-1_T1w,1
sub-30911_ses-1_T1w,1
sub-30912_ses-1_T1w,1
sub-30913_ses-1_T1w,1
sub-30914_ses-1_T1w,1
sub-30915_ses-1_T1w,2
sub-30916_ses-1_T1w,1
sub-30917_ses-1_T1w,1
sub-30918_ses-1_T1w,1
sub-30918_ses-3_T1w,1
sub-30919_ses-1_T1w,1
sub-30919_ses-3_T1w,1
sub-30920_ses-1_T1w,1
sub-30920_ses-3_T1w,1
sub-30921_ses-1_T1w,1
sub-30922_ses-1_T1w,1
sub-30923_ses-1_T1w,1
sub-30924_ses-1_T1w,2
sub-30925_ses-1_T1w,1
sub-30925_ses-3_T1w,1
sub-30926_ses-1_T1w,1
sub-30927_ses-1_T1w,1
sub-30928_ses-1_T1w,1
sub-30928_ses-3_T1w,1
sub-30929_ses-1_T1w,3
sub-30930_ses-1_T1w,1
sub-30931_ses-1_T1w,1
sub-30932_ses-1_T1w,1
sub-30933_ses-1_T1w,1
sub-30933_ses-3_T1w,1
sub-30934_ses-1_T1w,1
sub-30935_ses-1_T1w,1
sub-30936_ses-1_T1w,1
sub-30937_ses-2_T1w,1
sub-30938_ses-1_T1w,1
sub-30938_ses-3_T1w,1
sub-30939_ses-2_T1w,1
sub-30940_ses-1_T1w,1
sub-30941_ses-1_T1w,2
sub-30942_ses-1_T1w,1
sub-30943_ses-1_T1w,1
sub-30944_ses-1_T1w,1
sub-30944_ses-3_T1w,1
sub-30945_ses-1_T1w,1
sub-30946_ses-1_T1w,1
sub-30946_ses-3_T1w,1
sub-30947_ses-1_T1w,2
sub-30947_ses-3_T1w,1
sub-30948_ses-1_T1w,1
sub-30949_ses-1_T1w,1
sub-30950_ses-1_T1w,1
sub-30951_ses-1_T1w,1
sub-30952_ses-1_T1w,1
sub-30952_ses-3_T1w,1
sub-30953_ses-1_T1w,1
sub-30954_ses-1_T1w,1
sub-30955_ses-1_T1w,1
sub-30956_ses-1_T1w,1
sub-30957_ses-1_T1w,1
sub-30958_ses-1_T1w,1
sub-30959_ses-1_T1w,1
sub-30960_ses-1_T1w,1
sub-30961_ses-1_T1w,1
sub-30962_ses-1_T1w,1
sub-30963_ses-1_T1w,1
sub-30964_ses-1_T1w,1
sub-30965_ses-1_T1w,1
sub-30966_ses-1_T1w,1
sub-30967_ses-1_T1w,1
sub-30968_ses-1_T1w,1
sub-30969_ses-1_T1w,2
sub-30970_ses-1_T1w,1
sub-30971_ses-1_T1w,1
sub-30972_ses-1_T1w,1
sub-30973_ses-1_T1w,1
sub-30974_ses-1_T1w,1
sub-30975_ses-1_T1w,3
sub-30976_ses-1_T1w,2
sub-30977_ses-1_T1w,1
sub-30978_ses-1_T1w,1
sub-30979_ses-1_T1w,1
sub-30980_ses-1_T1w,2
sub-30980_ses-3_T1w,4
sub-30981_ses-1_T1w,1
sub-30982_ses-1_T1w,1
sub-30983_ses-1_T1w,1
sub-30984_ses-1_T1w,1
sub-30985_ses-1_T1w,1
sub-30986_ses-2_T1w,1
sub-30987_ses-1_T1w,4
sub-30988_ses-1_T1w,1
sub-30988_ses-3_T1w,1
sub-30989_ses-1_T1w,1
sub-30990_ses-1_T1w,1
sub-30991_ses-1_T1w,1
sub-30991_ses-3_T1w,1
sub-30992_ses-1_T1w,1
sub-30992_ses-3_T1w,1
sub-30993_ses-1_T1w,1
sub-30994_ses-1_T1w,1
sub-30995_ses-1_T1w,1
sub-30996_ses-1_T1w,1
sub-30997_ses-1_T1w,1
sub-30998_ses-1_T1w,1
sub-30999_ses-1_T1w,1
sub-31000_ses-1_T1w,1
sub-31000_ses-3_T1w,2
sub-31001_ses-1_T1w,1
sub-31002_ses-1_T1w,1
sub-31003_ses-1_T1w,1
sub-31004_ses-1_T1w,1
sub-31004_ses-3_T1w,1
sub-31005_ses-1_T1w,1
sub-31005_ses-3_T1w,1
sub-31006_ses-1_T1w,1
sub-31007_ses-1_T1w,1
sub-31008_ses-1_T1w,1
sub-31008_ses-3_T1w,1
sub-31009_ses-1_T1w,1
sub-31010_ses-1_T1w,1
sub-31010_ses-3_T1w,1
sub-31011_ses-1_T1w,1
sub-31012_ses-1_T1w,1
sub-31013_ses-1_T1w,1
sub-31014_ses-1_T1w,1
sub-31015_ses-1_T1w,1
sub-31015_ses-3_T1w,1
sub-31016_ses-1_T1w,1
sub-31016_ses-3_T1w,1
sub-31017_ses-1_T1w,1
sub-31018_ses-1_T1w,1
sub-31018_ses-3_T1w,1
sub-31019_ses-1_T1w,1
sub-31019_ses-3_T1w,1
sub-31020_ses-1_T1w,1
sub-31021_ses-1_T1w,2
sub-31021_ses-3_T1w,1
sub-31022_ses-1_T1w,1
sub-31023_ses-1_T1w,1
sub-31024_ses-1_T1w,1
sub-31025_ses-1_T1w,1
sub-31026_ses-1_T1w,1
sub-31027_ses-1_T1w,1
sub-31028_ses-1_T1w,1
sub-31029_ses-1_T1w,1
sub-31030_ses-1_T1w,1
sub-31031_ses-1_T1w,1
sub-31032_ses-1_T1w,1
sub-31033_ses-1_T1w,1
sub-31034_ses-1_T1w,1
sub-31034_ses-3_T1w,1
sub-31035_ses-1_T1w,1
sub-31035_ses-3_T1w,1
sub-31036_ses-1_T1w,3
sub-31037_ses-1_T1w,1
sub-31037_ses-3_T1w,3
sub-31038_ses-1_T1w,1
sub-31039_ses-1_T1w,1
sub-31039_ses-3_T1w,1
sub-31040_ses-1_T1w,1
sub-31040_ses-3_T1w,1
sub-31041_ses-1_T1w,1
sub-31042_ses-1_T1w,1
sub-31043_ses-1_T1w,1
sub-31043_ses-3_T1w,1
sub-31044_ses-1_T1w,1
sub-31044_ses-3_T1w,1
sub-31045_ses-1_T1w,1
sub-31045_ses-3_T1w,1
sub-31046_ses-1_T1w,1
sub-31046_ses-3_T1w,1
sub-31047_ses-1_T1w,1
sub-31047_ses-3_T1w,1
sub-31048_ses-1_T1w,1
sub-31048_ses-3_T1w,1
sub-31049_ses-1_T1w,1
sub-31049_ses-3_T1w,1
sub-31050_ses-1_T1w,1
sub-31050_ses-3_T1w,1
sub-31051_ses-1_T1w,1
sub-31051_ses-3_T1w,1
sub-31052_ses-1_T1w,1
sub-31052_ses-3_T1w,1
sub-31053_ses-1_T1w,1
sub-31053_ses-3_T1w,4
sub-31054_ses-1_T1w,1
sub-31054_ses-3_T1w,1
sub-31055_ses-1_T1w,1
sub-31055_ses-3_T1w,1
sub-31056_ses-1_T1w,1
sub-31056_ses-3_T1w,5
sub-31057_ses-1_T1w,1
sub-31057_ses-3_T1w,1
